-- phpMyAdmin SQL Dump
-- version 5.2.1
-- https://www.phpmyadmin.net/
--
-- Hôte : 127.0.0.1:3306
-- Généré le : ven. 20 déc. 2024 à 16:58
-- Version du serveur : 8.3.0
-- Version de PHP : 8.2.18

SET SQL_MODE = "NO_AUTO_VALUE_ON_ZERO";
START TRANSACTION;
SET time_zone = "+00:00";


/*!40101 SET @OLD_CHARACTER_SET_CLIENT=@@CHARACTER_SET_CLIENT */;
/*!40101 SET @OLD_CHARACTER_SET_RESULTS=@@CHARACTER_SET_RESULTS */;
/*!40101 SET @OLD_COLLATION_CONNECTION=@@COLLATION_CONNECTION */;
/*!40101 SET NAMES utf8mb4 */;

--
-- Base de données : `2025_bd_festival_jugurta`
--
CREATE DATABASE IF NOT EXISTS `2025_bd_festival_jugurta` DEFAULT CHARACTER SET utf8mb3 COLLATE utf8mb3_bin;
USE `2025_bd_festival_jugurta`;

DELIMITER $$
--
-- Procédures
--
DROP PROCEDURE IF EXISTS `ajouter_question`$$
CREATE DEFINER=`funBulles_DBAdmin`@`localhost` PROCEDURE `ajouter_question` (IN `q_libelle` VARCHAR(250), IN `q_theme` VARCHAR(20), IN `q_image` VARCHAR(100), IN `q_prop1` VARCHAR(250), IN `q_prop2` VARCHAR(250), IN `q_prop3` VARCHAR(250), IN `q_prop4` VARCHAR(250), IN `q_correct1` INT, IN `q_correct2` INT, IN `q_correct3` INT, IN `q_correct4` INT)   BEGIN
DECLARE question_id INT;  -- Variable pour stocker l'ID de la question
    DECLARE prop1_id INT;
    DECLARE prop2_id INT;
    DECLARE prop3_id INT;
    DECLARE prop4_id INT;

    -- Vérifier si la question existe déjà dans la table
    IF EXISTS (SELECT * FROM questions WHERE TRIM(LOWER(libelle)) = TRIM(LOWER(q_libelle))) THEN    
        -- Action si le libellé de la question existe déjà
        SELECT 'Une question avec ce libellé existe déjà.' AS error_message;
    ELSE
        -- Si q_image est vide, assigner NULL
        IF q_image = '' THEN
            SET q_image = NULL;
        END IF;
        
        IF q_theme = '' THEN
        SELECT 'Un theme doit etre choisi !' AS error_message;
        END IF;

        -- Insertion dans la table questions
        INSERT INTO `questions` (`libelle`, `theme`, `image`)
        VALUES (q_libelle, q_theme, q_image);
        
        -- Récupérer l'ID de la question insérée
        SET question_id = LAST_INSERT_ID();

        -- Insertion et association de chaque proposition, en fonction de si elle est correcte ou incorrecte

        -- Proposition 1
        IF q_prop1 IS NOT NULL AND q_prop1 <> '' THEN
            INSERT INTO `propositions` (`libelle`) VALUES (q_prop1);
            SET prop1_id = LAST_INSERT_ID();
            -- Associer la proposition avec la question
            INSERT INTO `associer` (`question_id`, `proposition_id`, `est_correcte`)
            VALUES (question_id, prop1_id, q_correct1);
        END IF;

        -- Proposition 2
        IF q_prop2 IS NOT NULL AND q_prop2 <> '' THEN
            INSERT INTO `propositions` (`libelle`) VALUES (q_prop2);
            SET prop2_id = LAST_INSERT_ID();
            -- Associer la proposition avec la question
            INSERT INTO `associer` (`question_id`, `proposition_id`, `est_correcte`)
            VALUES (question_id, prop2_id, q_correct2);
        END IF;

        -- Proposition 3
        IF q_prop3 IS NOT NULL AND q_prop3 <> '' THEN
            INSERT INTO `propositions` (`libelle`) VALUES (q_prop3);
            SET prop3_id = LAST_INSERT_ID();
            -- Associer la proposition avec la question
            INSERT INTO `associer` (`question_id`, `proposition_id`, `est_correcte`)
            VALUES (question_id, prop3_id, q_correct3);
        END IF;

        -- Proposition 4
        IF q_prop4 IS NOT NULL AND q_prop4 <> '' THEN
            INSERT INTO `propositions` (`libelle`) VALUES (q_prop4);
            SET prop4_id = LAST_INSERT_ID();
            -- Associer la proposition avec la question
            INSERT INTO `associer` (`question_id`, `proposition_id`, `est_correcte`)
            VALUES (question_id, prop4_id, q_correct4);
        END IF;

        -- Message de succès
        SELECT 'Question ajoutée avec succès !!' AS success_message;
    END IF;
END$$

DROP PROCEDURE IF EXISTS `liste_proposition`$$
CREATE DEFINER=`funBulles_DBAdmin`@`localhost` PROCEDURE `liste_proposition` (IN `q_id` INT)   BEGIN
    DECLARE prop1 VARCHAR(255);
    DECLARE prop2 VARCHAR(255);
    DECLARE prop3 VARCHAR(255);
    DECLARE prop4 VARCHAR(255);  -- Ajout de prop4
    DECLARE est_correct1 INT;
    DECLARE est_correct2 INT;
    DECLARE est_correct3 INT;
    DECLARE est_correct4 INT;  -- Ajout de est_correct4

    -- Sélectionner les propositions (jusqu'à 4 propositions) associées à la question
    -- et les assigner dans les variables déclarées
    SELECT propositions.libelle, associer.est_correcte
    INTO prop1, est_correct1
    FROM questions
    LEFT JOIN associer ON questions.id = associer.question_id
    LEFT JOIN propositions ON associer.proposition_id = propositions.numero
    WHERE questions.id = q_id
    LIMIT 1;

    SELECT propositions.libelle, associer.est_correcte
    INTO prop2, est_correct2
    FROM questions
    LEFT JOIN associer ON questions.id = associer.question_id
    LEFT JOIN propositions ON associer.proposition_id = propositions.numero
    WHERE questions.id = q_id
    LIMIT 1 OFFSET 1;

    SELECT propositions.libelle, associer.est_correcte
    INTO prop3, est_correct3
    FROM questions
    LEFT JOIN associer ON questions.id = associer.question_id
    LEFT JOIN propositions ON associer.proposition_id = propositions.numero
    WHERE questions.id = q_id
    LIMIT 1 OFFSET 2;

    -- Ajout de la quatrième proposition
    SELECT propositions.libelle, associer.est_correcte
    INTO prop4, est_correct4
    FROM questions
    LEFT JOIN associer ON questions.id = associer.question_id
    LEFT JOIN propositions ON associer.proposition_id = propositions.numero
    WHERE questions.id = q_id
    LIMIT 1 OFFSET 3;

    -- Retourner les résultats sous forme d'une seule ligne avec les différentes propositions
    SELECT 
        q_id AS question_id,
        (SELECT libelle FROM questions WHERE id = q_id) AS libelle,
        (SELECT theme FROM questions WHERE id = q_id) AS theme,
        (SELECT image FROM questions WHERE id = q_id) AS image,
        prop1 AS prop1,
        est_correct1 AS est_correct_1,
        prop2 AS prop2,
        est_correct2 AS est_correct_2,
        prop3 AS prop3,
        est_correct3 AS est_correct_3,
        prop4 AS prop4,  -- Ajout de prop4
        est_correct4 AS est_correct_4  -- Ajout de est_correct4
    ;
END$$

DROP PROCEDURE IF EXISTS `liste_questions`$$
CREATE DEFINER=`funBulles_DBAdmin`@`localhost` PROCEDURE `liste_questions` ()   BEGIN
    SELECT
    questions.id AS question_id,
        questions.libelle AS question_libelle,
        questions.theme AS question_theme,
        questions.image AS question_image
    FROM questions
    ORDER BY RAND(questions.id)
    LIMIT 30; 
    
  
END$$

DROP PROCEDURE IF EXISTS `liste_questions_recherche`$$
CREATE DEFINER=`funBulles_DBAdmin`@`localhost` PROCEDURE `liste_questions_recherche` (IN `motCle` VARCHAR(250))   BEGIN
    SELECT
        questions.id AS question_id,
        questions.libelle AS question_libelle,
        questions.theme AS question_theme,
        questions.image AS question_image
    FROM questions
    WHERE LOWER(questions.libelle) LIKE LOWER(CONCAT('%', motCle, '%'))  -- Convertir en minuscules pour comparer
    ORDER BY questions.id ASC;
END$$

DROP PROCEDURE IF EXISTS `modifier_question`$$
CREATE DEFINER=`funBulles_DBAdmin`@`localhost` PROCEDURE `modifier_question` (IN `q_id` INT, IN `q_libelle` VARCHAR(250), IN `q_theme` VARCHAR(20), IN `q_image` VARCHAR(100), IN `q_prop1` VARCHAR(250), IN `q_prop2` VARCHAR(250), IN `q_prop3` VARCHAR(250), IN `q_prop4` VARCHAR(250), IN `q_correct1` INT, IN `q_correct2` INT, IN `q_correct3` INT, IN `q_correct4` INT)   BEGIN
    -- Mise à jour du libellé de la question
    IF q_libelle != '' THEN
        UPDATE questions
        SET libelle = q_libelle
        WHERE id = q_id;
    END IF;

    -- Mise à jour du thème de la question
    IF q_theme != '' THEN
        UPDATE questions
        SET theme = q_theme
        WHERE id = q_id;
    END IF;

    -- Mise à jour de l'image de la question
    IF q_image != NULL THEN
        UPDATE questions
        SET image = q_image
        WHERE id = q_id;
    END IF;

    -- Mise à jour des propositions
    IF q_prop1 != '' THEN
        UPDATE propositions
        SET libelle = q_prop1
        WHERE propositions.numero = (
            SELECT proposition_id 
            FROM associer 
            WHERE question_id = q_id
            LIMIT 1
        );
    END IF;

    IF q_prop2 != '' THEN
        UPDATE propositions
        SET libelle = q_prop2
        WHERE propositions.numero = (
            SELECT proposition_id 
            FROM associer 
            WHERE question_id = q_id
            LIMIT 1 OFFSET 1
        );
    END IF;

    IF q_prop3 != '' THEN
        UPDATE propositions
        SET libelle = q_prop3
        WHERE propositions.numero = (
            SELECT proposition_id 
            FROM associer 
            WHERE question_id = q_id
            LIMIT 1 OFFSET 2
        );
    END IF;

    IF q_prop4 != '' THEN
        UPDATE propositions
        SET libelle = q_prop4
        WHERE propositions.numero = (
            SELECT proposition_id 
            FROM associer 
            WHERE question_id = q_id
            LIMIT 1 OFFSET 3
        );
    END IF;

    -- Réinitialisation des propositions correctes
    UPDATE associer
    SET est_correcte = 0
    WHERE question_id = q_id;

    IF q_correct1 = 1 THEN
        UPDATE associer
        SET est_correcte = 1
        WHERE question_id = q_id
        AND proposition_id = (
            SELECT proposition_id
            FROM associer
            WHERE question_id = q_id
            LIMIT 1
        );
    END IF;

    IF q_correct2 = 1 THEN
        UPDATE associer
        SET est_correcte = 1
        WHERE question_id = q_id
        AND proposition_id = (
            SELECT proposition_id
            FROM associer
            WHERE question_id = q_id
            LIMIT 1 OFFSET 1
        );
    END IF;

    IF q_correct3 = 1 THEN
        UPDATE associer
        SET est_correcte = 1
        WHERE question_id = q_id
        AND proposition_id = (
            SELECT proposition_id
            FROM associer
            WHERE question_id = q_id
            LIMIT 1 OFFSET 2
        );
    END IF;

    IF q_correct4 = 1 THEN
        UPDATE associer
        SET est_correcte = 1
        WHERE question_id = q_id
        AND proposition_id = (
            SELECT proposition_id
            FROM associer
            WHERE question_id = q_id
            LIMIT 1 OFFSET 3
        );
    END IF;

    -- Message de succès
    SELECT 'Question modifiée avec succès !!' AS success_message;

END$$

DROP PROCEDURE IF EXISTS `recup_theme`$$
CREATE DEFINER=`funBulles_DBAdmin`@`localhost` PROCEDURE `recup_theme` ()   BEGIN
    SELECT theme
    FROM questions
    GROUP BY theme;
END$$

DROP PROCEDURE IF EXISTS `supprimer_question`$$
CREATE DEFINER=`funBulles_DBAdmin`@`localhost` PROCEDURE `supprimer_question` (IN `q_id` INT)   BEGIN
    DECLARE question_exist INT;
   
    -- Vérifie si la question existe
    SELECT COUNT(*) INTO question_exist
    FROM questions
    WHERE id = q_id;

    -- Si la question existe
    IF question_exist > 0 THEN
        -- Supprimer les associations dans la table 'associer' (relie les propositions à la question)
        DELETE FROM associer WHERE question_id = q_id;

        -- Supprimer les propositions dans la table 'propositions' qui ne sont plus associées à aucune question
        DELETE FROM propositions
        WHERE numero NOT IN (
            SELECT proposition_id FROM associer WHERE question_id != q_id
        );

        -- Supprimer la question elle-même
        DELETE FROM questions WHERE id = q_id;

        -- Retourne un message de succès
        SELECT 'Question et propositions supprimées avec succès !!' AS success_message;
    ELSE
        -- Si la question n'existe pas, retourne un message d'erreur
        SELECT 'La question n\'existe pas !!' AS error_message;
    END IF;
END$$

DELIMITER ;

-- --------------------------------------------------------

--
-- Structure de la table `adherent`
--

DROP TABLE IF EXISTS `adherent`;
CREATE TABLE IF NOT EXISTS `adherent` (
  `id_adh` int NOT NULL AUTO_INCREMENT,
  `nom_adh` varchar(50) CHARACTER SET utf8mb3 COLLATE utf8mb3_bin NOT NULL,
  `prenom_adh` varchar(50) CHARACTER SET utf8mb3 COLLATE utf8mb3_bin NOT NULL,
  `rue_adh` varchar(50) CHARACTER SET utf8mb3 COLLATE utf8mb3_bin NOT NULL,
  `cp_adh` varchar(5) CHARACTER SET utf8mb3 COLLATE utf8mb3_bin NOT NULL,
  `ville_adh` varchar(50) CHARACTER SET utf8mb3 COLLATE utf8mb3_bin NOT NULL,
  `dateNaiss_adh` date NOT NULL,
  `dateAdhesion_adh` date DEFAULT NULL,
  `nbAvertissement_adh` int NOT NULL DEFAULT '0',
  `dateRenouvellement_adh` date NOT NULL,
  `mail_adh` varchar(100) CHARACTER SET utf8mb3 COLLATE utf8mb3_bin NOT NULL,
  `nb_livre_adh` int NOT NULL COMMENT 'nombre actuel de livres empruntés',
  PRIMARY KEY (`id_adh`)
) ENGINE=InnoDB AUTO_INCREMENT=254 DEFAULT CHARSET=utf8mb3 COLLATE=utf8mb3_bin;

--
-- Déchargement des données de la table `adherent`
--

INSERT INTO `adherent` (`id_adh`, `nom_adh`, `prenom_adh`, `rue_adh`, `cp_adh`, `ville_adh`, `dateNaiss_adh`, `dateAdhesion_adh`, `nbAvertissement_adh`, `dateRenouvellement_adh`, `mail_adh`, `nb_livre_adh`) VALUES
(1, 'DUPOND', 'Jules', '8 rue des Alpes suisses', '37000', 'Tours', '1982-05-05', '2018-01-01', 1, '2025-07-01', 'jDupond@hotmail.com', -1),
(2, 'DUPOND', 'Julie', '8 rue des Alpes suisses', '37000', 'Tours', '2002-04-09', '2018-01-01', 0, '2025-07-01', 'jDupond@hotmail.com', 0),
(3, 'DUPOND', 'Esteban', '8 rue des Alpes suisses', '37000', 'Tours', '2006-04-15', '2018-01-01', 1, '2025-07-01', 'jDupond@hotmail.com', 1),
(4, 'DUPOND', 'Léo', '8 rue des Alpes suisses', '37000', 'Tours', '2008-10-25', '2018-01-01', 0, '2025-07-01', 'jDupond@hotmail.com', 0),
(5, 'MORIOT', 'Méline', '48 Chemin des Cades', '37170', 'Chambray les Tours', '1958-05-24', '2018-01-01', 1, '2025-07-01', 'melMoriot@free.fr', 0),
(6, 'PASQUIE', 'Angélique', '454 Avenue Mirabeau', '37170', 'Chambray les tours', '1975-02-05', '2018-01-01', 0, '2025-07-01', 'gegepasquier@orange.fr', 0),
(7, 'PERROT', 'Jean-Marc', '8 place Maurice Ravelli', '37000', 'Tours', '1954-04-05', '2018-01-01', 0, '2025-07-01', 'jmp37@free.com', 0),
(8, 'PERROT', 'Aline', '8 place Maurice Ravelli', '37000', 'Tours', '1955-12-25', '2018-01-01', 0, '2025-07-01', 'jmp37@free.com', 0),
(9, 'PERROT', 'Charles-Edouard', '8 place Maurice Ravelli', '37000', 'Tours', '1980-04-05', '2018-01-01', 0, '2025-07-01', 'jmp37@free.com', 0),
(10, 'PERROT', 'Julien', '8 place Maurice Ravelli', '37000', 'Tours', '1982-04-10', '2018-01-01', 0, '2025-07-01', 'jmp37@free.com', 0),
(11, 'PERROT', 'Giséle', '8 place Maurice Ravelli', '37000', 'Tours', '1986-11-15', '2018-01-01', 0, '2025-07-01', 'jmp37@free.com', 0),
(12, 'DELVIGNE', 'Stéphane', '35 Boulevard Félix Gras', '37260', 'Monts', '1977-05-26', '2018-01-01', 0, '2025-07-01', 'stfDelvigne@orange.fr', 0),
(13, 'MERLOT', 'Martine', '56 Rue Paul Guigou', '37250', 'Veigné', '1975-05-19', '2018-01-01', 0, '2025-07-01', 'tribuMerlot37@free.com', 0),
(14, 'MERLOT', 'Hervé', '56 Rue Paul Guigou', '37250', 'Veigné', '1970-10-02', '2018-01-01', 0, '2025-07-01', 'tribuMerlot37@free.com', 0),
(15, 'MERLOT', 'Juliette', '56 Rue Paul Guigou', '37250', 'Veigné', '2000-05-28', '2018-01-01', 0, '2025-07-01', 'tribuMerlot37@free.com', 0),
(16, 'MERLOT', 'Lucie', '56 Rue Paul Guigou', '37250', 'Veigné', '2002-02-28', '2018-01-01', 0, '2025-07-01', 'tribuMerlot37@free.com', 0),
(17, 'MERLOT', 'Brigitte', '56 Rue Paul Guigou', '37250', 'Veigné', '2004-01-20', '2018-01-01', 0, '2025-07-01', 'tribuMerlot37@free.com', 0),
(18, 'BOUISSEA', 'Emmanuel', '3 rue des Capucins', '37250', 'Montbazon', '1976-06-06', '2018-01-01', 0, '2025-07-01', 'zouzou44@gmail.com', 0),
(19, 'BOUISSEAU', 'Mireille', '3 rue des Capucins', '37250', 'Montbazon', '1976-02-08', '2018-01-01', 0, '2025-07-01', 'bouisseau37@gmail.com', 0),
(20, 'HERVY', 'Madeleine', '194 Avenue Pablo Picasso', '37260', 'Monts', '1992-07-15', '2018-01-01', 0, '2025-07-01', 'hervy.mad@hotmail.com', 0),
(21, 'BERNARD', 'Kenzo', '265 rue de la République', '37250', 'Veigné', '1980-12-28', '2018-01-01', 0, '2025-07-01', 'bernard.kenzo@hotmail.com', -2),
(22, 'BERNARD', 'Murielle', '265 rue de la République', '37250', 'Veigné', '1982-05-26', '2018-01-01', 0, '2025-07-01', 'bernard.mumu@hotmail.com', 0),
(23, 'BERNARD', 'Heliot', '265 rue de la République', '37250', 'Veigné', '2006-11-05', '2018-01-01', 0, '2025-07-01', 'bernard.zozos@hotmail.com', 0),
(24, 'BERNARD', 'Gilbert', '265 rue de la République', '37250', 'Veigné', '2008-10-25', '2018-01-01', 0, '2025-07-01', 'bernard.zozos@hotmail.com', 0),
(25, 'BERNARD', 'Hubert', '265 rue de la République', '37250', 'Veigné', '2004-01-01', '2018-01-01', 0, '2025-07-01', 'bernard.zozos@hotmail.com', 0),
(26, 'PERNON', 'Edouard', '25 Chemin de la Roque', '37250', 'Veigné', '1965-05-06', '2018-01-01', 0, '2025-07-01', '', 0),
(27, 'PERNON', 'Françoise', '25 Chemin de la Roque', '37250', 'Veigné', '1964-02-15', '2018-01-01', 0, '2025-07-01', '', 0),
(28, 'LEMAITRE', 'Stéphanie', '551 Rue Alphonse Daudet', '37250', 'Montbazon', '1992-04-24', '2018-01-01', 0, '2025-07-01', 'stef.lemaitre@hotmail.com', 0),
(29, 'LEMAITRE', 'Philippe', '551 Rue Alphonse Daudet', '37250', 'Montbazon', '1990-11-25', '2018-01-01', 0, '2025-07-01', 'phil.lemaitre@free.fr', 0),
(30, 'GENTIL', 'Arianne', '78 Avenue de la Libération', '37250', 'Montbazon', '1975-03-25', '2018-01-01', 0, '2025-07-01', 'familleGentil@free.fr', 0),
(31, 'GENTIL', 'Léon', '78 Avenue de la Libération', '37250', 'Montbazon', '1970-05-25', '2018-01-01', 0, '2025-07-01', 'familleGentil@free.fr', 0),
(32, 'GENTIL', 'Carine', '78 Avenue de la Libération', '37250', 'Montbazon', '1999-08-14', '2018-01-01', 0, '2025-07-01', 'familleGentil@free.fr', 0),
(33, 'GENTIL', 'Eloise', '78 Avenue de la Libération', '37250', 'Montbazon', '2001-05-26', '2018-01-01', 0, '2025-07-01', 'familleGentil@free.fr', 0),
(34, 'GENTIL', 'Mariette', '78 Avenue de la Libération', '37250', 'Montbazon', '2001-05-26', '2018-01-01', 0, '2025-07-01', 'familleGentil@free.fr', 0),
(35, 'BONNET', 'Ludovic', '02 rue de la République', '37250', 'Montbazon', '1964-09-24', '2018-01-01', 0, '2025-07-01', 'bonnetAndCo@wanadoo.fr', 0),
(36, 'BONNET', 'Sylvie', '02 rue de la République', '37250', 'Montbazon', '1963-09-23', '2018-01-01', 0, '2025-07-01', 'bonnetAndCo@wanadoo.fr', 0),
(37, 'BONNET', 'Nicolas', '02 rue de la République', '37250', 'Montbazon', '1998-08-18', '2018-01-01', 0, '2025-07-01', 'bonnetAndCo@wanadoo.fr', 0),
(38, 'BONNET', 'Valentine', '02 rue de la République', '37250', 'Montbazon', '2001-09-18', '2018-01-01', 0, '2025-07-01', 'bonnetAndCo@wanadoo.fr', 0),
(39, 'DOUCET', 'Hubert', '23 Rue du Ponant', '37000', 'Tours', '1978-05-05', '2018-01-01', 0, '2025-07-01', 'doudou37@hotmail.com', 0),
(40, 'DOUCET', 'Lucette', '23 Rue du Ponant', '37000', 'Tours', '2002-04-09', '2018-01-01', 0, '2025-07-01', 'doudou37@hotmail.com', 0),
(41, 'DOUCET', 'Grégoire', '23 Rue du Ponant', '37000', 'Tours', '2006-04-15', '2018-01-01', 0, '2025-07-01', 'doudou37@hotmail.com', 0),
(42, 'DOUCET', 'Valentin', '23 Rue du Ponant', '37000', 'Tours', '2008-10-25', '2018-01-01', 0, '2025-07-01', 'doudou37@hotmail.com', 0),
(43, 'MORIT', 'Léonard', '4 Chemin des Cades', '37170', 'Chambray les Tours', '1970-05-04', '2018-01-01', 0, '2025-07-01', 'moritleo@free.fr', 0),
(44, 'ANDRE', 'Louis', '12 Avenue Mirabeau', '37170', 'Chambray les Tours', '1976-08-29', '2018-01-01', 0, '2025-07-01', 'louis.andre@orange.fr', 1),
(45, 'PERONA', 'Jean-Marc', '22 Boulevard Pasteur', '37000', 'Tours', '1954-02-25', '2018-01-01', 0, '2025-07-01', 'momo37@free.com', 0),
(46, 'PERONA', 'Aline', '22 Boulevard Pasteur', '37000', 'Tours', '1955-02-24', '2018-01-01', 0, '2025-07-01', 'momo37@free.com', 0),
(47, 'PERONA', 'Charles-Edouard', '22 Boulevard Pasteur', '37000', 'Tours', '1980-12-24', '2018-01-01', 0, '2025-07-01', 'momo37@free.com', 0),
(48, 'PERONA', 'Julien', '22 Boulevard Pasteur', '37000', 'Tours', '1977-06-26', '2018-01-01', 0, '2025-07-01', 'momo37@free.com', 0),
(49, 'PERONA', 'Giséle', '22 Boulevard Pasteur', '37000', 'Tours', '1985-10-10', '2018-01-01', 0, '2025-07-01', 'momo37@free.com', 0),
(50, 'HEYMANS', 'Stéphanie', '12 Boulevard Félix Gras', '37260', 'Monts', '1989-04-25', '2018-01-01', 0, '2025-07-01', 'stfHeymans@orange.fr', 0),
(51, 'BERTELOT', 'Kévin', '2 Rue Paul Guigou', '37250', 'Veigné', '1970-06-22', '2018-01-01', 0, '2025-07-01', 'tribuBertelot@free.com', 0),
(52, 'BERTELOT', 'Linette', '2 Rue Paul Guigou', '37250', 'Veigné', '1972-01-25', '2018-01-01', 0, '2025-07-01', 'tribuBertelot@free.com', 1),
(53, 'BERTELOT', 'Frédérique', '2 Rue Paul Guigou', '37250', 'Veigné', '1998-05-24', '2018-01-01', 0, '2025-07-01', 'tribuBertelot@free.com', 0),
(54, 'BERTELOT', 'Léo', '2 Rue Paul Guigou', '37250', 'Veigné', '1998-05-24', '2018-01-01', 0, '2025-07-01', 'tribuBertelot@free.com', 0),
(55, 'BERTELOT', 'Adrien', '2 Rue Paul Guigou', '37250', 'Veigné', '2000-06-28', '2018-01-01', 0, '2025-07-01', 'tribuBertelot@free.com', 1),
(56, 'BOUSSY', 'Emmanuel', '36 rue des Capucin', '37250', 'Montbazon', '1980-06-08', '2018-01-01', 0, '2025-07-01', 'titibouzzy@gmail.com', 0),
(57, 'BOUSSY', 'Mariette', '36 rue des Capucins', '37250', 'Montbazon', '1982-04-25', '2018-01-01', 0, '2025-07-01', 'mari3744@gmail.com', 0),
(58, 'CHAURAND', 'Suzanne', '29 Rue Anne de Poitiers', '37260', 'Monts', '1993-05-14', '2018-01-01', 0, '2025-07-01', 'chaurand.suz@hotmail.com', 0),
(59, 'VILLEMAGNE', 'Marcelle', '48 Impasse Archambaud', '37250', 'Veigné', '1965-05-14', '2018-01-01', 0, '2025-07-01', 'villemagne.family@hotmail.com', 0),
(60, 'VILLEMAGNE', 'Marcel', '48 Impasse Archambaud', '37250', 'Veigné', '1965-02-02', '2018-01-01', 0, '2025-07-01', 'villemagne.family@hotmail.com', 0),
(61, 'VILLEMAGNE', 'Claude', '48 Impasse Archambaud', '37250', 'Veigné', '1980-05-24', '2018-01-01', 0, '2025-07-01', 'villemagne.family@hotmail.com', 0),
(62, 'VILLEMAGNE', 'Pierre', '48 Impasse Archambaud', '37250', 'Veigné', '1983-04-11', '2018-01-01', 0, '2025-07-01', 'villemagne.family@hotmail.com', 0),
(63, 'VILLEMAGNE', 'Mélanie', '48 Impasse Archambaud', '37250', 'Veigné', '1986-03-05', '2018-01-01', 0, '2025-07-01', 'villemagne.family@hotmail.com', 0),
(64, 'DALMIERES', 'Maxence', '12 Avenue des Marchés', '37250', 'Veigné', '1958-12-12', '2018-01-01', 0, '2025-07-01', '', 0),
(65, 'DALMIERES', 'Pierrette', '12 Avenue des Marchés', '37250', 'Veigné', '1959-10-25', '2018-01-01', 0, '2025-07-01', '', 1),
(66, 'CHAUVIN', 'Juliette', '3 rue des Capucins', '37250', 'Montbazon', '1972-05-24', '2018-01-01', 0, '2025-07-01', '', 0),
(67, 'CHAUVIN', 'Stéphane', '3 rue des Capucins', '37250', 'Montbazon', '1970-02-28', '2018-01-01', 0, '2025-07-01', '', 0),
(68, 'BREMOND', 'Arianne', '01 chemin clos cavalier', '37250', 'Montbazon', '1975-01-25', '2018-01-01', 0, '2025-07-01', 'familleBremond@free.fr', 0),
(69, 'BREMOND', 'Léon', '01 chemin clos cavalier', '37250', 'Montbazon', '1970-04-27', '2018-01-01', 0, '2025-07-01', 'familleBremond@free.fr', 0),
(70, 'BREMOND', 'Carine', '01 chemin clos cavalier', '37250', 'Montbazon', '1998-05-01', '2018-01-01', 0, '2025-07-01', 'familleBremond@free.fr', 0),
(71, 'BREMOND', 'Eloise', '01 chemin clos cavalier', '37250', 'Montbazon', '2000-01-01', '2018-01-01', 0, '2025-07-01', 'familleBremond@free.fr', 0),
(72, 'BREMOND', 'Mariette', '01 chemin clos cavalier', '37250', 'Montbazon', '2001-02-26', '2018-01-01', 0, '2025-07-01', 'familleBremond@free.fr', 0),
(73, 'MAGNIN', 'Jules', '25 Rue Nicolas Appert', '37250', 'Montbazon', '1958-09-24', '2018-01-01', 0, '2025-07-01', 'MagninAndCo@wanadoo.fr', 0),
(74, 'MAGNIN', 'Lucie', '25 Rue Nicolas Appert', '37250', 'Montbazon', '1959-09-23', '2018-01-01', 0, '2025-07-01', 'MagninAndCo@wanadoo.fr', 0),
(75, 'MAGNIN', 'Patrick', '25 Rue Nicolas Appert', '37250', 'Montbazon', '1998-05-18', '2018-01-01', 0, '2025-07-01', 'MagninAndCo@wanadoo.fr', 0),
(76, 'MAGNIN', 'Séverine', '25 Rue Nicolas Appert', '37250', 'Montbazon', '2000-07-18', '2018-01-01', 0, '2025-07-01', 'MagninAndCo@wanadoo.fr', 0),
(77, 'NATAIRE', 'André', 'Chemin de la Dragonette', '37000', 'Tours', '1978-02-25', '2018-01-01', 0, '2025-07-01', 'nataire.family@hotmail.com', 0),
(78, 'NATAIRE', 'Maryvonne', 'Chemin de la Dragonette', '37000', 'Tours', '2002-06-24', '2018-01-01', 0, '2025-07-01', 'nataire.family@hotmail.com', 0),
(79, 'NATAIRE', 'Lucien', 'Chemin de la Dragonette', '37000', 'Tours', '2006-03-03', '2018-01-01', 0, '2025-07-01', 'nataire.family@hotmail.com', 0),
(80, 'NATAIRE', 'Aurore', 'Chemin de la Dragonette', '37000', 'Tours', '2008-02-23', '2018-01-01', 0, '2025-07-01', 'nataire.family@hotmail.com', 0),
(81, 'MAGNIER', 'Léonard', '6 Chemin des Cades', '37170', 'Chambray les Tours', '1970-10-15', '2018-01-01', 0, '2025-07-01', 'magnierLeonard@free.fr', 0),
(82, 'DURAND', 'Louis', '18 Avenue Mirabeau', '37170', 'Chambray les Tours', '1976-07-05', '2018-01-01', 0, '2025-07-01', 'durand.loulou@orange.fr', 0),
(83, 'THIBAULT', 'Jean-Marc', '12 Boulevard Pasteur', '37000', 'Tours', '1954-01-06', '2018-01-01', 0, '2025-07-01', 'thibault-tribu@free.com', 0),
(84, 'THIBAULT', 'Aline', '12 Boulevard Pasteur', '37000', 'Tours', '1955-12-06', '2018-01-01', 0, '2025-07-01', 'thibault-tribu@free.com', 0),
(85, 'THIBAULT', 'Charles-Edouard', '12 Boulevard Pasteur', '37000', 'Tours', '1980-06-08', '2018-01-01', 0, '2025-07-01', 'thibault-tribu@free.com', 0),
(86, 'THIBAULT', 'Julien', '12 Boulevard Pasteur', '37000', 'Tours', '1977-08-09', '2018-01-01', 0, '2025-07-01', 'thibault-tribu@free.com', 0),
(87, 'THIBAULT', 'Giséle', '12 Boulevard Pasteur', '37000', 'Tours', '1985-12-06', '2018-01-01', 0, '2025-07-01', 'thibault-tribu@free.com', 0),
(88, 'MORINO', 'Stéphanie', '10 Boulevard Félix Gras', '37260', 'Monts', '1958-08-15', '2018-01-01', 0, '2025-07-01', 'stef.morino@orange.fr', 0),
(89, 'GREDIN', 'Kévin', '03 Allée des Acacias', '37250', 'Veigné', '1970-01-31', '2018-01-01', 0, '2025-07-01', 'gredin.klfla@free.com', 0),
(90, 'GREDIN', 'Linette', '03 Allée des Acacias', '37250', 'Veigné', '1972-02-08', '2018-01-01', 0, '2025-07-01', 'gredin.klfla@free.com', 0),
(91, 'GREDIN', 'Frédérique', '03 Allée des Acacias', '37250', 'Veigné', '1998-03-30', '2018-01-01', 0, '2025-07-01', 'gredin.klfla@free.com', 0),
(92, 'GREDIN', 'Léo', '03 Allée des Acacias', '37250', 'Veigné', '1998-05-29', '2018-01-01', 0, '2025-07-01', 'gredin.klfla@free.com', 0),
(93, 'GREDIN', 'Adrien', '03 Allée des Acacias', '37250', 'Veigné', '2000-06-14', '2018-01-01', 0, '2025-07-01', 'gredin.klfla@free.com', 0),
(94, 'MOUSSIER', 'Emmanuel', '33 rue des Capucins', '37250', 'Montbazon', '1980-06-10', '2018-01-01', 0, '2025-07-01', 'manuMoussier@gmail.com', 0),
(95, 'MOUSSIER', 'Mariette', '33 rue des Capucins', '37250', 'Montbazon', '1982-04-15', '2018-01-01', 0, '2025-07-01', 'manuMoussier@gmail.com', 0),
(96, 'PAPIN', 'Suzanne', '11 Rue Anne de Poitiers', '37260', 'Monts', '1993-05-24', '2018-01-01', 0, '2025-07-01', 'Papin_suzanne@hotmail.com', 1),
(97, 'MURAT', 'Marcelle', '03  chemin clos cavalier', '37250', 'Veigné', '1965-05-14', '2018-01-01', 0, '2025-07-01', 'murat.mmCpm@hotmail.com', 0),
(98, 'MURAT', 'Marcel', '03  chemin clos cavalier', '37250', 'Veigné', '1965-01-02', '2018-01-01', 0, '2025-07-01', 'murat.mmCpm@hotmail.com', 0),
(99, 'MURAT', 'Claude', '03  chemin clos cavalier', '37250', 'Veigné', '1980-07-24', '2018-01-01', 0, '2025-07-01', 'murat.mmCpm@hotmail.com', 0),
(100, 'MURAT', 'Pierre', '03  chemin clos cavalier', '37250', 'Veigné', '1983-09-11', '2018-01-01', 0, '2025-07-01', 'murat.mmCpm@hotmail.com', 0),
(101, 'MURAT', 'Mélanie', '03  chemin clos cavalier', '37250', 'Veigné', '1986-02-05', '2018-01-01', 0, '2025-07-01', 'murat.mmCpm@hotmail.com', 0),
(102, 'DALMIERES', 'Maxence', '08 Impasse Calendou', '37250', 'Veigné', '1958-10-12', '2018-01-01', 0, '2025-07-01', '', 0),
(103, 'DALMIERES', 'Pierrette', '08 Impasse Calendou', '37250', 'Veigné', '1959-11-25', '2018-01-01', 0, '2025-07-01', '', 0),
(104, 'DUPOND', 'Juliette', '02 Impasse Calendou', '37250', 'Montbazon', '1972-07-24', '2018-01-01', 0, '2025-07-01', '', 0),
(105, 'DUPOND', 'Stéphane', '02 Impasse Calendou', '37250', 'Montbazon', '1970-01-28', '2018-01-01', 0, '2025-07-01', '', 0),
(106, 'BRUNELEAU', 'Arianne', '15 Avenue des Marchés', '37250', 'Montbazon', '1975-08-25', '2018-01-01', 0, '2025-07-01', 'bruneleauAndCo@free.fr', 0),
(107, 'BRUNELEAU', 'Léon', '15 Avenue des Marchés', '37250', 'Montbazon', '1970-07-27', '2018-01-01', 0, '2025-07-01', 'bruneleauAndCo@free.fr', 0),
(108, 'BRUNELEAU', 'Carine', '15 Avenue des Marchés', '37250', 'Montbazon', '1998-06-01', '2018-01-01', 0, '2025-07-01', 'bruneleauAndCo@free.fr', 0),
(109, 'BRUNELEAU', 'Eloise', '15 Avenue des Marchés', '37250', 'Montbazon', '2000-02-01', '2018-01-01', 0, '2025-07-01', 'bruneleauAndCo@free.fr', 0),
(110, 'BRUNELEAU', 'Mariette', '15 Avenue des Marchés', '37250', 'Montbazon', '2001-09-26', '2018-01-01', 0, '2025-07-01', 'bruneleauAndCo@free.fr', 0),
(111, 'POUTEAU', 'Jules', '08 Impasse George Sand ', '37250', 'Montbazon', '1958-07-22', '2018-01-01', 0, '2025-07-01', 'pouteauFamille@wanadoo.fr', 0),
(112, 'POUTEAU', 'Lucie', '08 Impasse George Sand ', '37250', 'Montbazon', '1959-08-20', '2018-01-01', 0, '2025-07-01', 'pouteauFamille@wanadoo.fr', 0),
(113, 'POUTEAU', 'Patrick', '08 Impasse George Sand ', '37250', 'Montbazon', '1998-03-15', '2018-01-01', 0, '2025-07-01', 'pouteauFamille@wanadoo.fr', 0),
(114, 'POUTEAU', 'Séverine', '08 Impasse George Sand ', '37250', 'Montbazon', '2000-04-05', '2018-01-01', 0, '2025-07-01', 'pouteauFamille@wanadoo.fr', 0),
(115, 'LORIOT', 'Ludovic', '02 Allée des Cèdres', '37000', 'Tours', '1968-02-14', '2018-01-01', 0, '2025-07-01', 'tribuLoriot37@hotmail.com', 0),
(116, 'LORIOT', 'Germaine', '02 Allée des Cèdres', '37000', 'Tours', '2002-08-24', '2018-01-01', 0, '2025-07-01', 'tribuLoriot37@hotmail.com', 0),
(117, 'LORIOT', 'Léon', '02 Allée des Cèdres', '37000', 'Tours', '2004-03-14', '2018-01-01', 0, '2025-07-01', 'tribuLoriot37@hotmail.com', 0),
(118, 'LORIOT', 'Marine', '02 Allée des Cèdres', '37000', 'Tours', '2006-08-23', '2018-01-01', 0, '2025-07-01', 'tribuLoriot37@hotmail.com', 0),
(119, 'PORET', 'Marie', '04 Allée des Amandiers', '37170', 'Chambray les Tours', '1960-11-15', '2018-01-01', 0, '2025-07-01', 'M.poret@free.fr', 0),
(120, 'CARRE', 'André', '04 Allée des Amandiers', '37170', 'Chambray les Tours', '1965-08-05', '2018-01-01', 0, '2025-07-01', 'andre.carre@orange.fr', 0),
(121, 'VIVET', 'Eléonord', '8 rue du Château', '37000', 'Tours', '1964-08-16', '2018-01-01', 0, '2025-07-01', 'vivet.ejggc@hotmail.com', 0),
(122, 'VIVET', 'Jean', '8 rue du Château', '37000', 'Tours', '1970-12-09', '2018-01-01', 0, '2025-07-01', 'vivet.ejggc@hotmail.com', 0),
(123, 'VIVET', 'Gontrand', '8 rue du Château', '37000', 'Tours', '1990-02-09', '2018-01-01', 0, '2025-07-01', 'vivet.ejggc@hotmail.com', 0),
(124, 'VIVET', 'Genséric', '8 rue du Château', '37000', 'Tours', '1995-08-28', '2018-01-01', 0, '2025-07-01', 'vivet.ejggc@hotmail.com', 0),
(125, 'VIVET', 'Charles', '8 rue du Château', '37000', 'Tours', '1997-10-27', '2018-01-01', 0, '2025-07-01', 'vivet.ejggc@hotmail.com', 0),
(126, 'COURBET', 'Orlane', '10 Boulevard Félix Gras', '37260', 'Monts', '1975-05-09', '2018-01-01', 0, '2025-07-01', 'orlane.courbet@orange.fr', 0),
(127, 'DELVIGNE', 'Jérôme', '6 rue des Douves', '37250', 'Veigné', '1975-05-29', '2018-01-01', 0, '2025-07-01', 'delvigne.j@hotmail.com@free.com', 0),
(128, 'DELVIGNE', 'Anne', '6 rue des Douves', '37250', 'Veigné', '1973-06-07', '2018-01-01', 0, '2025-07-01', 'delvigne.j@hotmail.com@free.com', 0),
(129, 'DELVIGNE', 'Pacôme', '6 rue des Douves', '37250', 'Veigné', '1999-05-29', '2018-01-01', 0, '2025-07-01', 'delvigne.j@hotmail.com@free.com', 0),
(130, 'DELVIGNE', 'Clovis', '6 rue des Douves', '37250', 'Veigné', '1996-05-29', '2018-01-01', 0, '2025-07-01', 'delvigne.j@hotmail.com@free.com', 0),
(131, 'DELVIGNE', 'Aglaé', '6 rue des Douves', '37250', 'Veigné', '2000-07-14', '2018-01-01', 0, '2025-07-01', 'delvigne.j@hotmail.com@free.com', 0),
(132, 'BAUER', 'Laurent', '10 rue des Douves', '37250', 'Montbazon', '1975-06-29', '2018-01-01', 0, '2025-07-01', 'bauerll@gmail.com', 0),
(133, 'BAUER', 'Laurence', '10 rue des Douves', '37250', 'Montbazon', '1982-02-27', '2018-01-01', 0, '2025-07-01', 'bauerll@gmail.com', 0),
(134, 'LAREN', 'Hariette', '14 Rue Anne de Poitiers', '37260', 'Monts', '1963-05-17', '2018-01-01', 0, '2025-07-01', 'mamielaren@hotmail.com', 0),
(135, 'MARTINEZ', 'Sophie', '2 Impasse de la Farte', '37250', 'Veigné', '1976-06-21', '2018-01-01', 0, '2025-07-01', 'martinez.soph@hotmail.com', 0),
(136, 'MARTINEZ', 'Maxime', '2 Impasse de la Farte', '37250', 'Veigné', '1976-02-06', '2018-01-01', 0, '2025-07-01', 'martinez.soph@hotmail.com', 0),
(137, 'MARTINEZ', 'Martin', '2 Impasse de la Farte', '37250', 'Veigné', '2001-05-29', '2018-01-01', 0, '2025-07-01', 'martinez.soph@hotmail.com', 0),
(138, 'MARTINEZ', 'Jules', '2 Impasse de la Farte', '37250', 'Veigné', '2001-05-29', '2018-01-01', 0, '2025-07-01', 'martinez.soph@hotmail.com', 0),
(139, 'MARTINEZ', 'Charles', '2 Impasse de la Farte', '37250', 'Veigné', '2003-10-26', '2018-01-01', 0, '2025-07-01', 'martinez.soph@hotmail.com', 0),
(140, 'LEFEVRE', 'Charlotte', '10 rue du Château', '37250', 'Veigné', '1948-05-27', '2018-01-01', 0, '2025-07-01', 'lefevre.cp@free.fr', 0),
(141, 'LEFEVRE', 'Pierre', '10 rue du Château', '37250', 'Veigné', '1946-04-11', '2018-01-01', 0, '2025-07-01', 'lefevre.cp@free.fr', 0),
(142, 'MARIN', 'Margot', '12 rue des Douves', '37250', 'Montbazon', '1974-09-29', '2018-01-01', 0, '2025-07-01', '', 0),
(143, 'MARIN', 'Christophe', '12 rue des Douves', '37250', 'Montbazon', '1975-07-19', '2018-01-01', 0, '2025-07-01', '', 0),
(144, 'PROUTEAU', 'Arthur', '10 Allée des Cèdres', '37250', 'Montbazon', '1964-05-29', '2018-01-01', 0, '2025-07-01', 'prouteauFamille@free.fr', 0),
(145, 'PROUTEAU', 'Nora', '10 Allée des Cèdres', '37250', 'Montbazon', '1965-07-14', '2018-01-01', 0, '2025-07-01', 'prouteauFamille@free.fr', 0),
(146, 'PROUTEAU', 'Paul', '10 Allée des Cèdres', '37250', 'Montbazon', '1998-06-29', '2018-01-01', 0, '2025-07-01', 'prouteauFamille@free.fr', 0),
(147, 'PROUTEAU', 'Eden', '10 Allée des Cèdres', '37250', 'Montbazon', '2000-01-31', '2018-01-01', 0, '2025-07-01', 'prouteauFamille@free.fr', 0),
(148, 'PROUTEAU', 'Camille', '10 Allée des Cèdres', '37250', 'Montbazon', '2001-12-29', '2018-01-01', 0, '2025-07-01', 'prouteauFamille@free.fr', 0),
(149, 'MORINIERE', 'Thomas', '5 rue du Mail ', '37250', 'Montbazon', '1955-08-27', '2018-01-01', 0, '2025-07-01', 't.morinière@wanadoo.fr', 0),
(150, 'MORINIERE', 'Célia', '5 rue du Mail ', '37250', 'Montbazon', '1956-12-15', '2018-01-01', 0, '2025-07-01', 't.morinière@wanadoo.fr', 0),
(151, 'MORINIERE', 'Mathis', '5 rue du Mail ', '37250', 'Montbazon', '1985-02-27', '2018-01-01', 0, '2025-07-01', 't.morinière@wanadoo.fr', 0),
(152, 'MORINIERE', 'Rémi', '5 rue du Mail ', '37250', 'Montbazon', '1987-09-18', '2018-01-01', 0, '2025-07-01', 't.morinière@wanadoo.fr', 0),
(153, 'HERVY', 'Luc', '10 Allée des Cèdres', '37000', 'Tours', '1968-02-14', '2018-01-01', 0, '2025-07-01', 'hervy.luc@hotmail.com', 0),
(154, 'HERVY', 'Jeanne', '10 Allée des Cèdres', '37000', 'Tours', '2002-08-24', '2018-01-01', 0, '2025-07-01', 'hervy.Jeanne@hotmail.com', 0),
(155, 'HERVY', 'Léon', '10 Allée des Cèdres', '37000', 'Tours', '2004-03-14', '2018-01-01', 0, '2025-07-01', 'hervy.leon@hotmail.com', 0),
(156, 'CHAUVIN', 'Jérôme', '14 rue du Château', '37000', 'Tours', '1956-05-29', '2018-01-01', 0, '2025-07-01', 'chauvinTribuJ@hotmail.com', 0),
(157, 'CHAUVIN', 'Séverine', '14 rue du Château', '37000', 'Tours', '1960-08-29', '2018-01-01', 0, '2025-07-01', 'chauvinTribuJ@hotmail.com', 0),
(158, 'CHAUVIN', 'Maurice', '14 rue du Château', '37000', 'Tours', '2000-01-01', '2018-01-01', 0, '2025-07-01', 'chauvinTribuJ@hotmail.com', 0),
(160, 'BLANCSEC', 'Adèle', '12 rue des alouettes', '37000', 'Tours', '1960-06-08', '1981-01-16', 3, '2025-01-16', 'bsadele@free.fr', 0),
(161, 'JOURDAN', 'Gil', '25 rue des mouettes', '37000', 'Tours', '1978-05-02', '2008-09-23', 3, '2025-09-23', 'jourdanG@free.fr', 0),
(162, 'BLUEBERRY', 'Mike steve', '15 bv des Anglais', '37000', 'Tours', '1966-04-05', '1999-07-27', 2, '2025-07-27', 'blueberMike@free.fr', 0),
(163, 'BRADEFER', 'Luc', '12 impasse des Lilas', '37000', 'Tours', '1965-12-01', '1988-07-30', 0, '2025-07-30', 'bradLuce@free.fr', 0),
(164, 'BLANDY', 'Jessica', '65 rue des Chnes', '37000', 'Tours', '1975-10-25', '1997-10-04', 1, '2025-10-04', 'blanJess@free.fr', 0),
(165, 'BERLINGOT', 'Suzette', '3 impasse des Jonquilles', '37000', 'Tours', '1978-08-04', '2008-04-09', 3, '2025-04-09', 'suzette3756@free.fr', 2),
(166, 'BRIOCHIN', 'Eusèbe zéphyrin', '8 impasse des Tulipes', '37000', 'Tours', '1958-11-15', '1988-09-08', 0, '2025-09-08', 'eusebeZeph@free.fr', 0),
(167, 'DANNY', 'Buck', '3 r Commerce', '37000', 'Tours', '1985-12-12', '2006-10-23', 2, '2024-10-23', 'buckbuck37@free.fr', 0),
(168, 'TALON', 'Achille', '8 allée Jules Ferry', '37000', 'Tours', '1960-02-09', '1994-10-22', 1, '2024-10-22', 'talon346@free.fr', 0),
(169, 'LAGAFFE', 'Gaston', '9 rue des Ancres', '37530', 'Pocé sur Cisse', '1970-10-12', '2003-06-11', 2, '2025-06-11', 'gaston98@free.fr', 0),
(170, 'LACRYMO', 'Eugène', '42 allée Voltaire', '37000', 'Tours', '1970-06-08', '1991-04-03', 1, '2025-04-03', 'furymax@free.fr', 0),
(171, 'DELTOIDE', 'Martial', '2 rue des Marronniers', '37000', 'Tours', '1974-05-06', '1997-03-16', 3, '2025-03-16', 'deltoidemar@free.fr', 0),
(172, 'HOCHET', 'Rick', '3 impasse des Lilas', '37000', 'Tours', '1975-12-26', '1997-04-27', 3, '2025-04-27', 'rick37@free.fr', 0),
(173, 'LANDOUYE', 'Basile', '8 rue Albert Camus', '37000', 'Tours', '1975-04-15', '1997-06-08', 1, '2025-06-08', 'basileLa37@free.fr', 0),
(174, 'KRAMPON', 'Eugène', '56 allée Jules Vernes', '37300', 'Joué les Tours', '1981-12-20', '2003-09-11', 3, '2025-09-11', 'krampon689@free.fr', 0),
(175, 'GOREIRO', 'Manuel', '2 allée de la fontaine', '37000', 'Tours', '1975-06-15', '2004-05-27', 1, '2025-05-27', 'manuh69@free.fr', 0),
(176, 'DUPILON', 'Célestin', '9 rue des Fripouilles', '37300', 'Joué les Tours', '1962-09-27', '1992-09-23', 2, '2025-09-23', 'dupilo.cle@free.fr', 0),
(177, 'FUTU', 'Cyprien', '5 rue Arsène Lupin', '37000', 'Tours', '1980-04-29', '2011-06-12', 4, '2025-06-12', 'futu-cyprien@free.fr', 0),
(178, 'COTTINE', 'Giovanni', '99 bvd Pierre Perret', '37176', 'Chambray ls Tours', '1964-08-26', '1996-05-01', 3, '2025-05-01', 'cottine37@free.fr', 0),
(179, 'DE MESMAEKER', 'Aimé', '4 rue Picasso', '37000', 'Tours', '1964-12-04', '1990-12-22', 4, '2024-12-22', 'demesaime@free.fr', 1),
(180, 'PONCHELOT', 'Nicolas', '8 rue nationale', '37000', 'Tours', '1966-05-12', '1997-05-14', 1, '2025-05-14', 'NicoPonch@free.fr', 0),
(181, 'PADDLE', 'Kid', '9 allée Jules Petit', '37000', 'Tours', '1966-04-09', '1999-08-01', 0, '2025-08-01', 'kidpad39@free.fr', 0),
(182, 'CHOUKROUNE', 'Alphonse', '65 rue Jean Jaurs', '37000', 'Tours', '1972-04-16', '1995-03-22', 2, '2025-03-22', 'alphChou@free.fr', 0),
(183, 'MAURANE', 'Bob', '5 rue Albert Einstein', '37300', 'Joué les Tours', '1980-02-28', '2007-04-22', 2, '2025-04-22', 'boby87bob@free.fr', 0),
(184, 'TOUGOURE', 'Tuté', '9 rue Franquin', '37530', 'Pocé sur Cisse', '1974-12-25', '2006-08-27', 1, '2025-08-27', 'tutu89@free.fr', 0),
(185, 'PALMER', 'Jack', '57 bvd Dupuis', '37000', 'Tours', '1979-12-29', '2002-12-13', 2, '2024-12-13', 'jackjack@free.fr', 0),
(186, 'DE BONATE', 'Bricard', '3 rue Jules Renard', '37000', 'Tours', '1965-03-24', '1996-01-31', 2, '2025-01-31', 'bricardBonate@free.fr', 0),
(187, 'CALOT', 'Léontine', '9 allée Franoise Sagan', '37000', 'Tours', '1961-11-05', '1998-06-17', 2, '2025-06-17', 'LeonClaot@free.fr', 0),
(188, 'CORTIZONE', 'Vito', '24 rue des la Fontaine', '37530', 'Pocé sur Cisse', '1963-04-29', '1995-07-24', 4, '2025-07-24', 'vitoladeveine@free.fr', 0),
(189, 'DELASTRE', 'Caroline', '9 bvd Eustache', '37400', 'Amboise', '1962-05-16', '1990-05-11', 0, '2025-05-11', 'carolineDelastreh@free.fr', 0),
(190, 'HELENA', 'John', '21 rue Edouard Vaillant', '37000', 'Tours', '1969-07-14', '2000-11-20', 0, '2024-11-20', 'JohnJohn358@free.fr', 0),
(191, 'CAN', 'Jerry', '46 bvddes Belges', '37000', 'Tours', '1982-05-14', '2006-03-05', 3, '2025-03-05', 'JeeryetTom@free.fr', 0),
(192, 'STAHL', 'Kassandra', '56 bvd Descartes', '37400', 'Amboise', '1964-12-09', '1995-01-31', 1, '2025-01-31', 'KassanStahl@free.fr', 0),
(193, 'PRUNELLE', 'Léon', '4 impasse Victor Hugo', '37000', 'Tours', '1962-02-18', '1985-09-18', 0, '2025-09-18', 'LeonleBourdon37@free.fr', 0),
(194, 'HADDOCK', 'Archibald', '8 impasse des Violettes', '37000', 'Tours', '1967-07-08', '2006-04-17', 2, '2025-04-17', 'ArchibaldestDeRetour@free.fr', 0),
(195, 'BLAKE', 'Francis', '8 impasse des Tulipes', '37000', 'Tours', '1958-07-09', '1980-05-23', 2, '2025-05-23', 'Francis37blake@free.fr', 0),
(196, 'MOLLET', 'Valentine', '52 rue de la Joconde', '37300', 'Joué les Tours', '1962-02-09', '1986-08-29', 1, '2025-08-29', 'mollet.valentine@free.fr', 0),
(197, 'DUPUIS', 'Antoine', '12 rue des Saules Pleureurs', '37000', 'Tours', '1999-06-08', '2004-02-21', 2, '2025-02-21', 'toto37@free.fr', 0),
(198, 'DUPOND', 'Quentin', '25 rue des Marsouins', '37000', 'Tours', '1999-05-02', '2004-05-06', 5, '2025-05-06', 'dupondQ@free.fr', 1),
(199, 'BERNARDEAU', 'Matthieu', '18 bv des Bleuets', '37000', 'Tours', '2000-04-05', '2011-12-19', 3, '2024-12-19', 'mathBer@free.fr', 0),
(200, 'MOREAU', 'Luc', '12 impasse des Lilas', '37000', 'Tours', '1999-12-01', '2010-01-14', 3, '2025-01-14', 'moreauLuc37@free.fr', 0),
(201, 'BAUDOIN', 'Clément', '65 rue des Lilas', '37000', 'Tours', '2000-10-25', '2011-11-23', 2, '2024-11-23', 'baudouin3756@free.fr', 0),
(202, 'RENAUD', 'Lucie', '3 impasse des Jonquilles', '37000', 'Tours', '1999-08-04', '2010-08-28', 0, '2025-08-28', 'lucie.Renaud37@free.fr', 0),
(203, 'PROUTAU', 'Louise', '8 impasse des Tulipes', '37000', 'Tours', '1998-11-15', '2009-11-22', 1, '2024-11-22', 'Louise.prouteau25@free.fr', 0),
(204, 'DELBARD', 'Nathan', '3 allée des frnes', '37000', 'Tours', '2001-12-12', '2012-05-29', 0, '2025-05-29', 'natnat987@free.fr', 0),
(205, 'BRUAND', 'Lucas', '8 rue Jules Renard', '37000', 'Tours', '1999-02-09', '2010-07-11', 0, '2025-07-11', 'BruandLucas378@free.fr', 0),
(206, 'LACMAN', 'Thomas', '9 rue des Villages bretons', '37530', 'Pocé sur Cisse', '2001-10-12', '2013-06-08', 0, '2025-06-08', 'Lamcan32587@free.fr', 0),
(207, 'MAMY', 'Héliot', '42 rue Voltaire', '37000', 'Tours', '2001-06-08', '2012-02-03', 1, '2025-02-03', 'dragon468@free.fr', 0),
(208, 'MAQUET', 'Rémi', '2 rue des Chnes', '37000', 'Tours', '2002-05-06', '2014-06-30', 1, '2025-04-30', 'sanfamille96@free.fr', 0),
(209, 'VERDI', 'Julien', '3 impasse des Abesses', '37000', 'Tours', '2000-12-26', '2011-08-30', 0, '2025-08-30', 'Verdi.Julien36@free.fr', 0),
(210, 'WIARD', 'Fabien', '8 rue Albert Camus', '37000', 'Tours', '2000-04-15', '2011-06-22', 1, '2025-06-22', 'wiard-juju@free.fr', 1),
(211, 'VERDIER', 'Frederic', '56 rue Jules Ferry', '37260', 'Monts', '1998-12-20', '2010-03-17', 2, '2025-03-17', 'furax99@free.fr', 0),
(212, 'LOUAYER', 'Simon', '2 rue de la fontaine', '37000', 'Tours', '2000-06-15', '2011-07-31', 0, '2025-07-31', 'simonLouayer@free.fr', 0),
(213, 'VASET', 'Rémi', '9 rue des Alouettes', '37260', 'Monts', '1998-09-27', '2009-06-02', 0, '2025-06-02', 'vaset.Remi@free.fr', 0),
(214, 'VALE', 'Cyprien', '5 rue Arsne Lupin', '37000', 'Tours', '1999-04-29', '2009-09-21', 1, '2025-09-21', 'Vale37Cyprien98@free.fr', 0),
(215, 'MAHEAUT', 'Léo', '99 impasse Pierre De La Fontaine', '37300', 'Joué Les Tours', '2000-08-26', '2011-02-06', 0, '2025-02-06', 'LeoBipBip@free.fr', 0),
(216, 'PARMENTIER', 'Lilou', '4 rue Picasso', '37000', 'Tours', '2000-12-04', '2011-01-22', 3, '2025-01-22', 'LilouPar34@free.fr', 0),
(217, 'HERVE', 'Léa', '8 rue des Pensées', '37000', 'Tours', '2000-05-12', '2011-06-30', 1, '2025-06-30', 'HerveLeaLeon@free.fr', 0),
(218, 'COL', 'Charlotte', '9 rue Jules et Jim', '37000', 'Tours', '2000-04-09', '2011-09-21', 5, '2025-09-21', 'Chacha37@free.fr', 0),
(219, 'SUIRE', 'Lucas', '65 rue Jean Jaurs', '37000', 'Tours', '1999-04-16', '2010-09-02', 1, '2025-09-02', 'Suire.lucas@free.fr', 0),
(220, 'RAVAILLEAU', 'Célia', '5 rue Albert de Monaco', '37260', 'Monts', '1999-02-28', '2010-03-23', 3, '2025-03-23', 'Celia.ravailleau@free.fr', 2),
(221, 'GRANGE', 'Paul', '9 rue Franquin', '37530', 'Pocé sur Cisse', '2002-12-25', '2014-11-24', 4, '2024-11-24', 'Paul.Grange@free.fr', 0),
(222, 'LEROY', 'Marie', '57 impasse Dupuis', '37000', 'Tours', '1999-12-29', '2010-11-07', 1, '2024-11-07', 'Marie698Leroy@free.fr', 0),
(223, 'TALON', 'Julie', '8 allée Jules Ferry', '37000', 'Tours', '1960-09-19', NULL, 2, '2025-09-19', 'talon346@free.fr', 0),
(224, 'PRUNELLE', 'Pauline', '4 impasse Victor Hugo', '37000', 'Tours', '1964-08-26', NULL, 2, '2025-08-26', 'PaulinePru37@free.fr', 0),
(225, 'HADDOCK', 'Mélusine', '8 impasse des Violettes', '37000', 'Tours', '2001-05-12', NULL, 0, '2025-05-12', '', 0),
(226, 'BLAKE', 'Chloé', '8 impasse des Tulipes', '37000', 'Tours', '1999-08-12', NULL, 2, '2025-08-12', 'Francis37blake@free.fr', 0),
(227, 'BLAKE', 'Louis', '8 impasse des Tulipes', '37000', 'Tours', '2001-07-21', NULL, 2, '2025-07-21', 'Francis37blake@free.fr', 0),
(228, 'TALON', 'Léon', '8 allée Jules Ferry', '37000', 'Tours', '2000-05-25', NULL, 0, '2025-05-25', 'talon346@free.fr', 0),
(229, 'TALON', 'Arthur', '8 allée Jules Ferry', '37000', 'Tours', '2000-05-25', NULL, 4, '2025-05-25', 'talon346@free.fr', 0),
(230, 'MOLLET', 'Juliette', '52 rue de la Joconde', '37300', 'Joué les Tours', '2001-11-28', NULL, 1, '2024-11-28', 'mollet.valentine@free.fr', 0),
(231, 'MOLLET', 'Jade', '52 rue de la Joconde', '37300', 'Joué les Tours', '2003-09-11', NULL, 1, '2025-09-11', 'mollet.valentine@free.fr', 0),
(232, 'PRUNELLE', 'Marc', '4 impasse Victor Hugo', '37000', 'Tours', '1999-08-01', NULL, 2, '2025-08-01', 'LeonleBourdon37@free.fr', 0),
(233, 'DUPILON', 'Albert', '9 rue des Fripouilles', '37300', 'Joué les Tours', '1998-03-16', NULL, 2, '2025-03-16', 'dupilo.alb@free.fr', 0),
(234, 'DUPILON', 'Marine', '9 rue des Fripouilles', '37300', 'Joué les Tours', '1999-07-27', NULL, 0, '2025-07-27', '', 0),
(235, 'DUPILON', 'Alphonse', '9 rue des Fripouilles', '37300', 'Joué les Tours', '2004-06-19', NULL, 1, '2025-06-19', '', 0),
(236, 'CORTIZONE', 'Maria', '24 rue des la Fontaine', '37530', 'Pocé sur Cisse', '1996-08-22', NULL, 0, '2025-08-22', '', 0),
(237, 'CORTIZONE', 'Paula', '24 rue des la Fontaine', '37530', 'Pocé sur Cisse', '1980-04-25', NULL, 3, '2025-04-25', 'Paulaladeveine@free.fr', 0),
(238, 'CORTIZONE', 'Esteban', '24 rue des la Fontaine', '37530', 'Pocé sur Cisse', '1985-12-21', NULL, 3, '2024-12-21', 'Teteladeveine@free.fr', 0),
(239, 'BRADEFER', 'Hugo', '12 impasse des Lilas', '37000', 'Tours', '1986-01-18', NULL, 4, '2025-01-18', 'bradHugo37@free.fr', 0),
(240, 'BRADEFER', 'Martin', '12 impasse des Lilas', '37000', 'Tours', '1989-07-08', NULL, 1, '2025-07-08', '', 0),
(241, 'BRADEFER', 'Pierre', '12 impasse des Lilas', '37000', 'Tours', '1991-11-03', NULL, 0, '2024-11-03', '', 0),
(242, 'PONCHELOT', 'Martine', '8 rue nationale', '37000', 'Tours', '2000-08-25', NULL, 5, '2025-08-25', 'MartinePonch@free.fr', 1),
(243, 'PONCHELOT', 'Patricia', '8 rue nationale', '37000', 'Tours', '2002-10-13', NULL, 2, '2024-10-13', 'PatriciaPonch@free.fr', 0),
(244, 'PONCHELOT', 'Laurine', '8 rue nationale', '37000', 'Tours', '1999-09-11', NULL, 1, '2025-09-11', 'LaurinePonch@free.fr', 0),
(245, 'HADDOCK', 'Quentin', '8 impasse des Violettes', '37000', 'Tours', '2003-02-21', NULL, 4, '2025-02-21', '', 0),
(246, 'LAGAFFE', 'Violette', '9 rue des Ancres', '37530', 'Pocé sur Cisse', '1998-11-08', NULL, 1, '2024-11-08', 'gaston98@free.fr', 0),
(247, 'LAGAFFE', 'Suzette', '9 rue des Ancres', '37530', 'Pocé sur Cisse', '1996-09-28', NULL, 2, '2025-09-28', 'gaston98@free.fr', 0),
(248, 'BERLINGOT', 'Vertignasse', '3 impasse des Jonquilles', '37000', 'Tours', '2000-12-25', NULL, 2, '2024-12-25', 'VertiSuze3756@free.fr', 0),
(249, 'FUTU', 'Thiméo', '5 rue Arsène Lupin', '37000', 'Tours', '2001-05-14', NULL, 5, '2025-05-14', '', 0),
(250, 'KRAMPON', 'Adélaïde', '56 allée Jules Vernes', '37300', 'Joué les Tours', '2003-12-25', NULL, 0, '2024-12-25', '', 0),
(251, 'KRAMPON', 'Théo', '56 allée Jules Vernes', '37300', 'Joué les Tours', '2004-08-19', NULL, 0, '2025-08-19', '', 0),
(252, 'KRAMPON', 'Eugénie', '56 allée Jules Vernes', '37300', 'Joué les Tours', '2000-12-20', NULL, 4, '2024-11-11', 'krampon689@free.fr', 0),
(253, 'ARTEMUS', 'Gordon', 'rue des Mystres', '37000', 'Tours', '1974-04-26', '1995-01-01', 1, '2025-05-05', 'grodon.west@free.fr', 0);

-- --------------------------------------------------------

--
-- Structure de la table `associer`
--

DROP TABLE IF EXISTS `associer`;
CREATE TABLE IF NOT EXISTS `associer` (
  `question_id` int NOT NULL,
  `proposition_id` int NOT NULL,
  `est_correcte` tinyint(1) NOT NULL,
  PRIMARY KEY (`question_id`,`proposition_id`),
  KEY `question_id` (`question_id`,`proposition_id`),
  KEY `proposition_id` (`proposition_id`)
) ENGINE=InnoDB DEFAULT CHARSET=utf8mb3 COLLATE=utf8mb3_bin;

--
-- Déchargement des données de la table `associer`
--

INSERT INTO `associer` (`question_id`, `proposition_id`, `est_correcte`) VALUES
(2, 1, 0),
(2, 4, 1),
(2, 5, 0),
(3, 6, 1),
(3, 7, 0),
(3, 10, 0),
(4, 8, 1),
(4, 9, 0),
(4, 10, 0),
(5, 12, 1),
(5, 13, 0),
(5, 14, 0),
(6, 15, 0),
(6, 16, 1),
(6, 17, 0),
(7, 18, 1),
(7, 19, 0),
(7, 20, 0),
(8, 26, 1),
(8, 27, 0),
(8, 28, 0),
(9, 14, 0),
(9, 21, 0),
(9, 22, 1),
(10, 23, 1),
(10, 24, 0),
(10, 25, 0),
(11, 29, 1),
(11, 30, 0),
(11, 31, 0),
(12, 14, 0),
(12, 32, 0),
(12, 33, 1),
(13, 34, 1),
(13, 35, 0),
(13, 36, 0),
(14, 13, 0),
(14, 21, 0),
(14, 37, 1),
(15, 38, 1),
(15, 39, 0),
(15, 40, 0),
(16, 24, 0),
(16, 41, 1),
(16, 42, 0),
(17, 43, 0),
(17, 44, 0),
(17, 45, 1),
(18, 46, 1),
(18, 47, 0),
(18, 48, 0),
(19, 49, 1),
(19, 50, 0),
(19, 51, 0),
(20, 52, 1),
(20, 53, 0),
(20, 54, 0),
(21, 55, 0),
(21, 56, 0),
(21, 57, 1),
(22, 58, 0),
(22, 59, 1),
(22, 60, 0),
(23, 21, 0),
(23, 32, 0),
(23, 64, 1),
(24, 61, 1),
(24, 62, 0),
(24, 63, 0),
(25, 65, 1),
(25, 66, 0),
(25, 67, 0),
(26, 68, 1),
(26, 69, 0),
(26, 70, 0),
(27, 32, 1),
(27, 33, 0),
(27, 64, 0),
(28, 71, 1),
(28, 72, 0),
(28, 73, 0),
(29, 74, 0),
(29, 75, 0),
(29, 76, 1),
(30, 74, 1),
(30, 75, 0),
(30, 76, 0),
(31, 77, 0),
(31, 78, 1),
(31, 79, 0),
(32, 80, 0),
(32, 81, 1),
(32, 82, 0),
(33, 83, 1),
(33, 84, 0),
(33, 85, 0),
(34, 86, 1),
(34, 87, 0),
(34, 88, 0),
(35, 89, 1),
(35, 90, 0),
(35, 91, 0),
(36, 92, 1),
(36, 93, 0),
(36, 94, 0),
(37, 95, 1),
(37, 96, 0),
(37, 97, 0),
(38, 15, 0),
(38, 16, 0),
(38, 98, 1),
(39, 99, 1),
(39, 100, 0),
(39, 101, 0),
(40, 102, 1),
(40, 103, 0),
(40, 104, 0),
(41, 92, 0),
(41, 93, 0),
(41, 105, 1),
(42, 106, 1),
(42, 107, 0),
(42, 108, 0),
(43, 109, 1),
(43, 110, 0),
(43, 111, 0),
(44, 112, 0),
(44, 113, 1),
(44, 114, 0),
(45, 115, 0),
(45, 116, 1),
(45, 117, 0),
(46, 118, 0),
(46, 119, 1),
(46, 120, 0),
(47, 121, 1),
(47, 122, 0),
(47, 123, 0),
(48, 124, 0),
(48, 125, 0),
(48, 126, 1),
(49, 127, 0),
(49, 128, 1),
(49, 129, 0),
(50, 130, 0),
(50, 131, 0),
(50, 132, 1),
(51, 133, 1),
(51, 134, 0),
(51, 135, 0),
(52, 136, 0),
(52, 137, 0),
(52, 138, 1),
(53, 139, 1),
(53, 140, 0),
(53, 141, 0),
(54, 142, 1),
(54, 143, 0),
(54, 144, 0),
(55, 145, 0),
(55, 146, 1),
(55, 147, 0),
(56, 148, 0),
(56, 149, 1),
(56, 150, 0),
(57, 151, 0),
(57, 152, 1),
(57, 153, 0),
(58, 154, 0),
(58, 155, 1),
(58, 156, 0),
(59, 157, 0),
(59, 158, 0),
(59, 159, 1),
(60, 160, 1),
(60, 161, 0),
(60, 162, 0),
(61, 163, 1),
(61, 164, 0),
(61, 165, 0),
(62, 166, 1),
(62, 167, 0),
(62, 168, 0),
(63, 169, 0),
(63, 170, 0),
(63, 171, 1),
(64, 172, 0),
(64, 173, 1),
(64, 174, 0),
(65, 160, 0),
(65, 175, 1),
(65, 176, 0),
(66, 177, 0),
(66, 178, 1),
(66, 179, 0),
(66, 180, 0),
(67, 181, 1),
(67, 182, 0),
(67, 183, 0),
(67, 184, 0),
(68, 185, 1),
(68, 186, 0),
(68, 187, 0),
(68, 188, 0),
(69, 189, 1),
(69, 190, 0),
(69, 191, 0),
(69, 192, 0),
(70, 193, 0),
(70, 194, 0),
(70, 195, 1),
(70, 196, 0),
(71, 197, 1),
(71, 198, 0),
(71, 199, 0),
(71, 200, 0),
(72, 201, 0),
(72, 202, 0),
(72, 203, 1),
(72, 204, 0),
(73, 205, 1),
(73, 206, 0),
(73, 207, 0),
(73, 208, 0),
(74, 209, 1),
(74, 210, 0),
(74, 211, 0),
(74, 212, 0),
(75, 213, 1),
(75, 214, 0),
(75, 215, 0),
(75, 216, 0),
(76, 217, 1),
(76, 218, 0),
(76, 219, 0),
(76, 220, 0),
(77, 26, 0),
(77, 27, 0),
(77, 221, 1),
(77, 222, 0),
(78, 223, 0),
(78, 224, 1),
(78, 225, 0),
(78, 226, 0),
(79, 227, 1),
(79, 228, 0),
(79, 229, 0),
(79, 230, 0),
(80, 231, 1),
(80, 232, 0),
(80, 233, 0),
(80, 234, 0),
(81, 235, 1),
(81, 236, 0),
(81, 237, 0),
(81, 238, 0),
(82, 239, 0),
(82, 240, 1),
(82, 241, 0),
(82, 242, 0),
(83, 240, 0),
(83, 241, 0),
(83, 242, 0),
(83, 243, 1),
(84, 239, 0),
(84, 240, 0),
(84, 241, 0),
(84, 242, 1),
(85, 244, 1),
(85, 245, 0),
(85, 246, 0),
(85, 247, 0),
(86, 248, 0),
(86, 249, 0),
(86, 250, 0),
(86, 251, 1),
(87, 252, 0),
(87, 253, 1),
(87, 254, 0),
(87, 255, 0),
(142, 328, 0),
(142, 329, 1),
(152, 353, 0),
(152, 354, 0),
(152, 355, 0);

-- --------------------------------------------------------

--
-- Structure de la table `auteur`
--

DROP TABLE IF EXISTS `auteur`;
CREATE TABLE IF NOT EXISTS `auteur` (
  `id_auteur` int NOT NULL AUTO_INCREMENT,
  `nom_auteur` varchar(40) CHARACTER SET utf8mb3 COLLATE utf8mb3_bin DEFAULT NULL,
  `prenom_auteur` varchar(20) CHARACTER SET utf8mb3 COLLATE utf8mb3_bin DEFAULT NULL,
  `dateNaiss_auteur` date DEFAULT '1001-01-01',
  `pays_auteur` varchar(30) CHARACTER SET utf8mb3 COLLATE utf8mb3_bin DEFAULT NULL,
  `pseudo_auteur` varchar(50) CHARACTER SET utf8mb3 COLLATE utf8mb3_bin DEFAULT NULL,
  `biographie_auteur` varchar(2000) CHARACTER SET utf8mb3 COLLATE utf8mb3_bin DEFAULT NULL,
  `dateDeces_auteur` date DEFAULT NULL,
  `ref_Auteur` varchar(9) CHARACTER SET utf8mb3 COLLATE utf8mb3_bin DEFAULT NULL,
  PRIMARY KEY (`id_auteur`)
) ENGINE=InnoDB AUTO_INCREMENT=367 DEFAULT CHARSET=utf8mb3 COLLATE=utf8mb3_bin;

--
-- Déchargement des données de la table `auteur`
--

INSERT INTO `auteur` (`id_auteur`, `nom_auteur`, `prenom_auteur`, `dateNaiss_auteur`, `pays_auteur`, `pseudo_auteur`, `biographie_auteur`, `dateDeces_auteur`, `ref_Auteur`) VALUES
(1, 'Abe', 'Georges', '1937-01-01', 'japon', NULL, 'George Abe est né en 1937 au Japon.', NULL, 'AG1937_1'),
(2, 'Belhomme', 'Jean-Loic', '1950-03-06', 'france', 'Bélom', 'Jean-Loïc Belhomme débute comme directeur artistique dans diverses agences de publicité. Dessinateur indépendant depuis 1980, ses principales collaborations (dessins d\'humour-bandes dessinées) sont : Le Pélerin, La Vie, Formule 1, Ouest-France, Triolo, Circus, Lui, Play-Boy, Penthouse, Frilouz, Fluide Glacial, Détective, Télérama Junior, Spirou, P\'tit Loup, le Journal de Mickey, France 3, Canal+. Co-scénariste pour de nombreuses séries Disney : Pôle Émile, les Bébés Disney, Robert le Robot, Télescoop, Chez Maxime (scénario et dessin), Génius, Les Petits boulots de Donald. Strips Bec-en-fer, dessins Jean-Louis Pesch (Agépress). Avec Gégé au dessin, il signe chez Bamboo Edition les aventures de bébés facétieux, Les Ripoupons en avril 200', NULL, 'BJ1950_3'),
(3, 'Bergèse', 'Francis', '1941-07-12', 'france', NULL, 'Né à Crest (France) en 1941, Francis Bergèse collabore de 1964 à 1973 aux Editions Fleurus pour lesquelles il imagine de très nombreux courts récits publiés dans des magazines tels que Formule 1, Fripounet, J2 Magazine. On retiendra des titres comme Rozanoff et Un taxi pour les îles. Parallèlement, Bergèse adapte divers romans pour des publications comme Ajax, Cap 7 ou Zorro. Ce dernier magazine voit d’ailleurs l’apparition des aventures de Jacques Renne, un aviateur qui rappelle furieusement Buck Danny ! Illustrateur acharné, Bergèse dessine de très nombreuses illustrations, petites histoires et autres jeux. Egalement spécialisé dans la réalisation de visuels à thème aéronautique (boîtes d’allumettes, boîtes des maquettes Heller), Bergèse va par ce biais rejoindre l’histoire de Buck Danny. Au début des années 1980, Jean-Michel Charlier et les Editions Dupuis sont à la recherche d’un dessinateur capable de réaliser dans le plus pur style hubinien les couvertures de la nouvelle collection Tout Buck Danny. Bergèse tente sa chance... Charlier est enchanté ! En plus d’un illustrateur pour les dites couvertures, le scénariste a trouvé le remplaçant de Victor Hubinon (décédé en 1979) pour mettre en scène les aventures de Buck Dan.', NULL, 'BF1941_7'),
(4, 'Bergèse', 'Férédic', '1967-11-07', 'france', 'Bérik', 'Né le 7 Novembre 1967 à Romans-Sur-Isère (Drôme), Frédéric Bergèse prend le pseudonyme Bérik. Après l’obtention de son baccalauréat A3 Arts Plastiques à VALENCE (Drôme) et un an passé aux Beaux-Arts de MACON, il entre de plein pied dans sa carrière professionnelle : il illustre alors des contes pour enfants et fait un passage par le monde du dessin animé où il réalise des story-boards et gouache des décors pour des séries TV (Draculito, Les petits poneys…). En 1993, il s’installe dans la bande dessinée et devient coloriste sur les séries « Biggles » et « Buck Danny ». Rêvant d’être auteur et dessinateur, sa rencontre avec Jean-Louis Pesch marque pour lui un tournant. En 1999, il met en couleur l’album n°42 de Sylvain et sylvette Magie dans la forêt et travaille sur le dessin des personnages pour réaliser, en 2001, l’encrage et les couleurs de l’album n° 44 Silence, on tourne !. A présent, il assure seul la réalisation des histoires complètes de Sylvain et Sylvette et collabore aussi sur des albums «spécial gags » avec le scénariste Bélom. Depuis 2009, il a crée la série « Les Z’ailés » avec le prolifique scénariste Christophe Cazenove (Les pompiers, Les gendarmes, Auto-école, etc.). La passion de Bérik pour tout ce qui vole devait l’amener à cette série humoristique qui nous fait partager la vie d’un aéro-club. Cependant, son désir est aussi de continuer à vous faire partager et vivre de nouvelles aventures dans ce monde enchanteur et bucolique de Sylvain et Syl', NULL, 'BF1967_11'),
(5, 'Bertschy', 'Christophe', '1970-10-07', 'suisse', NULL, 'Bertschy est né le 7 octobre 1970. Après une formation de graphiste à Lausanne il se lance dans la création de dessins par ordinateur. En 1998, il rejoint la bande à Zep dans le magazine \'\'tchô !\'\' et anime les aventures absurdes et rocambolesques de \'\'Jimmy Brocoli\'\', le légume le plus groovy du potager. Puis petit à petit, le nonchalant et burlesque SMAX investit les pages en faisant l\'unanimité. Le dessin électronique très original de Bertschy colle au plus près à l\'univers contemporain de ses héros. Très éloigné de l\'école franco-belge, SMAX s\'apparente plus au graphisme des Simpsons ou de South Park. Son premier album, SMAX Tome 1, sort en octobre 2000, suivi en octobre 2001 du SMAX Tome 2. Ces albums remportent un franc succès, notamment auprès de lecteurs séduits par son graphisme lisible et incisif. Smax raconte les aventures désopilantes d\'un adolescent confronté aux multiples problèmes qui émanent de cette période de la vie : le fiasco de ses expériences romantico-sexuelles et son manque d\'enthousiasme pour le choix d\'une carrière professionnelle.Depuis le 11 février 2001 (première parution) le public de Nelson ne cesse de croître : il parait depuis septembre 2002 en allemand dans le Bieler Tagblatt. Le démarrage international de la série est prévu pour janvier 2003, la maison d\'édition Dupuis ayant décidé sa publication dans le journal de Spirou et sur Spirou.com. ', NULL, 'BC1970_10'),
(6, 'Bianco', 'Guillaume', '1976-10-27', 'france', NULL, 'Guillaume Bianco est né le 27 octobre 1976 à Toulon. Il passe un bac arts plastiques, puis devient étudiant en première année de chinois en 1995, 1996, 1997 et 1998 (authentique).Un jour, on lui dit qu’étudiant en première année de chinois, ce n’est pas un métier, et depuis, il cherche à gagner des sous en faisant de la BD. Tout comme son compère Olivier DUTTO, il devient alors élève de TARQUIN à l’atelier que celui-ci anime alors le mercredi à Hyères, en 1994-1995. Il commence à publier ses premiers dessins dans un magazine régional, pour échouer à l’atelier GOTTFERDOM où il fait des caricatures de tout le monde sur les murs. En 1998 il publie son premier album de gags, \"Kegoyo & Klamédia\". En 2000, il retrouve ses compères Tarquin, Dutto et Floch pour \"La Véritable Histoire des Krashmonsters\", avant de se lancer, en cavalier seul, dans l’aventure de \"Will\", album de gags plus ou moins autobiographiques sur un jeune ado attardé et son chien. ', NULL, 'BG1976_10'),
(7, 'Blondieau ', 'Adeline', '1971-02-09', 'france', NULL, 'Actrice de formation, elle a été vue notemment dans la série télévisée \"Sous le soleil\", qu\'elle a co-écrite avec son collaborateur actuel de la série Angeline: Éric Summer. Adeline Blondieau commence sa carrière en tant que mannequin et aussi créatrice de mode, puis comédienne, présentatrice télé sur TF1 et M6. Elle a également officié en tant qu\'animatrice de radio pour Nostalgie et Europe 1.Actrice dans la série Sous le soleil, elle a écrit certains scénarios des épisodes de cette série. En 2007, Adeline décide de quitter la série pour s\'envoler vers d\'autres horizons, notamment l’écriture théâtrale (Dîner chez arny) ou scénaristique dans la bande dessinée chez Soleil avec Angeline et chez Bamboo Édition avec L\'Heure de la sortie.', NULL, 'BA1971_2'),
(8, 'Christmann', 'Didier', '1952-01-23', 'france', 'Brett', 'Né le 23 janvier 1952, Brett - alias Didier Christmann - a commencé sa carrière dans le journalisme. Rédacteur en chef du Parisien, il décide pourtant de quitter la presse pour l’édition en rejoignant Dargaud au début des années 90 en tant que directeur éditorial. Il devient ainsi le maître d’œuvre du renouveau du catalogue durant cette décennie, la relance de Blake & Mortimer étant sans conteste le fait d’arme le plus spectaculaire. Par crainte de la routine tout autant que par envie de renouer avec l’écriture, il quitte ses fonctions en 1999 pour d’autres activités dont celle du scénario. Amoureux du verbe et du beau dialogue, il partage avec Michel Greg le sens de la rhétorique et une truculence que l’on retrouve chez Michel Audiard. C’est en hommage à ce dernier que Didier Christmann adoubera Greg du titre affectueux de \"Dabe\", personnage haut en couleur joué par Jean Gabin dans Le Cave se rebiffe. Il dirige maintenant le mensuel \"vivre plus\" mais poursuit ses collaborations éditoriales, puisqu’il collabore avec Pierre Dubois sur un grand projet à paraître chez DARGAUD et bien sûr le scénario du prochain Talon.', NULL, 'CD1952_1'),
(9, 'Buchshacher', 'Eric', '1965-05-13', 'suisse', 'Buche', 'Éric Buche est né à Genève le 13 mai 1965. Il débute dans les fanzines locaux après être sorti de l\'école des Beaux Arts de sa ville natale. Embauché par les Humanoïdes Associés pour lesquels il publie les aventures de Hélene Cartier (2 tomes), il passe ensuite chez Dargaud avec Les Enquêtes de Vincent Muraz (2 tomes). Aujourd\'hui, Buche est le papa de Franky Snow (Glénat, 3 tomes) et participe avec Zep, Tébo, Supiot parmi d\'autres, à la rédaction du magazine Tchô ! édité par Glénat.', NULL, 'BE1965_5'),
(10, 'Cauvin', 'Raoul', '1938-09-26', 'belgique', NULL, 'Raoul Cauvin est né le 26 septembre 1938 à Antoing, en Belgique. Au terme de 5 ans d\'études de lithographie publicitaire, il découvre que la profession qu\'il a apprise n\'existe plus depuis une vingtaine d\'années ! Suivent toute une série de petits métiers et notamment un emploi dans une usine de boules de billard, qui lui développe une véritable passion pour ce jeu sur tapis vert où l\'on ne mise guère plus qu\'une tournée générale, il entre un jour aux éditions Dupuis. Chargé dans un premier temps du lettrage du journal Spirou, il ne tarde pas à écrire ses premières histoires, illustrées par des dessinateurs comme Eddy Ryssack, Serge Gennaux, Claire Brétécher et Carlos Roque. Mais c\'est l\'année 1968 qui marque le véritable début d\'une carrière florissante : Cauvin lance la série \'Les Tuniques Bleues\', dont les héros, des soldats américains, évoluent dans le contexte de la guerre de Sécession. Le dessin est pris en charge par Louis Salvérius, qui meurt hélas après quatre albums à peine. Willy Lambil lui succède : la série reste à ce jour le plus gros succès de Cauvin. Avec Lambil toujours, il imagine parallèlement \'Pauvre Lampil\', une série parodique autour des relations désastreuses entre un dessinateur et son scénariste, protagonistes et auteurs ne faisant qu\'un.', NULL, 'CR1938_9'),
(11, 'Cazenove', 'Christophe', '1969-07-16', 'france', NULL, 'Né le 16/07/1969 à Martiques en (France). Comme tous les gamins, je rêvais de devenir pompier, pâtissier-cascadeur ou plongeur-routier (en fonction des films que je voyais) ou bien encore auteur de BD, sans trop savoir si cela était vraiment un métier. C\'est en répondant à une de mes lettres de fan adorateur que Greg (ben oui, LE Greg) m\'a donné l\'envie de faire moi aussi des petits miquets. D\'ailleurs son courrier, constitué d\'un dessin personnalisé et d\'un poster trône toujours sur le mur de mon bureau. Après des dizaines de planches durant lesquelles je me prenais pour un dessinateur, (avec des séries hélas toujours inconnue comme Helmos l\'escargot, Bickey Bouse ou Jonhatan McTartell) il m\'est apparu comme une évidence que j\'aurai beaucoup plus de chance dans ma profession rêvée en tant que scénariste, et c\'est ainsi que j\'ai pu grâce à Bamboo gagner les rangs de dessinateur frustré... heu pardon, de scénariste de bande dessinée. Je crois que si j\'ai écrit Nostra, c\'est parce qu\'une voyante m\'avait prédit alors que j\'allais sur mes douze ans, que je serai le leader d\'un groupe de rap. J\'ai lutté très dur contre cette malédiction annoncée, et écrire une série sur la voyance m\'a permis d\'exorciser tous ces démons cachés, yo ! Ma BD de chevet ? ...Chick Bill !!', NULL, 'CC1969_7'),
(12, 'Charlier', 'Jean-Michel', '1924-10-30', 'belgique', NULL, 'Né à Liège le 30 octobre 1924, mort à Saint-Cloud (Hauts-de-Seine) le 10 juillet 1989. Jean-Michel Charlier, juriste de formation, entre comme dessinateur à Spirou en 1944. Nommé directeur artistique de l’agence World Press en 1946, il y rencontre Victor Hubinon. Ensemble, ils lancent Buck Danny, qui paraît dans Spirou. Dès lors il est le scénariste attitré de Gérald Forton (Kim Devil), Mitacq (La Patrouille des Castors), Attanasio ou encore Paape, qui illustre ses Histoires de l’oncle Paul. Pour Pilote, dont il est rédacteur en chef dès le n° 1 (1959), il conçoit les séries Barbe-Rouge (avec Hubinon), Michel Tanguy (Uderzo puis Jijé), Jacques Le Gall (Mitacq) et plus tard Blueberry (Giraud, 1963). De 1967 à 1985, il mène de front ses collaborations à Pilote, Tintin, Spirou, Record, Super-As, etc., l’adaptation de Tanguy et Laverdure pour la télévision et la réalisation de nombreux documentaires sur l’histoire contemporaine. On doit à cet auteur prolifique près de cinq cents récits pour la BD, la radio, la télévision, ainsi que des romans et des livres historiques. Docteur en droit, licencié en lettres et en criminologie, Jean-Michel Charlier est également Chevalier de l\'Ordre de la Couronne de Belgique, pilote de ligne... et aujourd\'hui réalisateur à la télévision française. ', '1989-07-10', 'CJ1924_10'),
(13, 'Corteggiani', 'François', '1953-09-21', 'france', 'Pujol', 'François Corteggiani est un important scénariste de la bande dessinée franco-belge, qui a collaboré avec des dessinateurs majeurs, dont notamment Pierre Tranchand, Philippe Bercovici, Jean-Yves Mitton ou même Giorgio Cavazzano. Depuis la mort de Jean-Michel Charlier en 1989, il a repris la suite des aventures de La jeunesse de Blueberry, qu’il nous fait encore partager aujourd’hui. François Corteggiani est né le 21 septembre 1953 à Nice. Après quelques collaborations locales, il monte à Paris en 1972. Suite à des travaux publicitaires et quelques dessins dans divers journaux, il débute vraiment dans une petite maison d\'édition lyonnaise la SEPP pour laquelle il livre un peu plus de 1000 planches en deux ans. Après un passage éclair chez Spirou , il entre au journal Pif Gadget où il anime le personnage de Pif, d\'abord en dessin ensuite en scénario, vers lequel le pousse depuis longtemps Christian Godard. Il crée aussi la série Pastis et avec Tranchand au dessin les séries Marine et Smith et Wesson.', NULL, 'CF1953_9'),
(14, 'Culliford ', 'Thierry', '1955-12-29', 'belgique', NULL, 'Thierry Culliford n\'est autre que le fils de Peyo. Scénariste aguerri, il imagina les premiers gags de «Germain et nous...» avec Jannin, tout en collaborant de nombreuses années sur les séries imaginées par son père. Il travaille aux scénarios des \"Schtroumpfs\", de \"Benoît Brisefer\" et de \"Johan et Pirlouit\" (avec e.a. Dugomier, Pascal Garray, Frédéric Jannin et Yvan Delporte). C\'est désormais lui qui coordonne l\'exécution graphique et assure la continuité des productions Peyo au sein du studio.', NULL, 'CT1955_12'),
(15, 'Dégruel', 'Yann', '1971-05-09', 'france', NULL, 'Yann Dégruel est né le 9 mai 1971 à Vénissieux, près de Lyon. Rien ne laissait alors présager que le dessin puisse un jour devenir pour lui un véritable art de vivre. Il se spécialise pourtant assez tôt et obtient avec succès un Bac d\'Arts graphiques. Il s\'inscrit ensuite aux Arts Décoratifs de Strasbourg pour une durée de cinq ans. Objecteur de conscience à la librairie Folimage, il travaille ensuite à Heliozo Production à Lyon. Encouragé par Heliozo, il imagine une série de dessin animé, Genz Gys Khan. Le projet reste d\'actualité, mais impatient, il rencontre un éditeur qui accepte de partager cette aventure. Genz Gys Khan, tiré d\'un roman de Homéric, Le Loup Mongol, devient une série de bande dessinée jeunesse.', NULL, 'DY1971_5'),
(16, 'Deliège', 'Paul', '1931-01-24', 'belgique', NULL, 'Paul Deliège est né à Olne en Belgique le 24 janvier 1931. Il a débuté dans le quotidien belge Le soir en dessinant Félicien et les Romanis et le Père Bricole. Il entre au studio de dessin des éditions Dupuis en 1959. En 1960, il lance dans Spirou les aventures de Théophile et Philibert (avec Vicq). Il devient également à cette époque le principal auteur de mini-récit (liste des héros ci-dessous) aussi bien en tant que scénariste que dessinateur. Parmi ses héros, Bobo sortira des mini-récits pour vivre dans Spirou des grandes aventures et sera publié en album. En 1962, il réalise Le casque aux gants de planche avec Rosy. En 1968, il lance les Krostons avec Arthur Piroton sous le pseudonyme de Max Ariane. À partir de 1987, il illustre une série de strips dans Spirou : le trou du souffleur. Il a été également le scénariste de nombreuses autres séries : Sam et l\'ours (dessin de Lagas), Sybilline (dessin de Macherot). Le 7 juillet 2005, il décède à Liège.', '2005-07-07', 'DP1931_1'),
(17, 'Delporte', 'Yvan', '1928-06-24', 'belgique', NULL, 'Yvan Delporte est né à Bruxelles le 24 juin 1928. En 1945, il entre aux éditions \"Dupuis\" où il est retoucheur sur diverses BD américaines jugées trop audacieuses pour l\'époque. En 1949, il scénarise pour Eddy Paape un épisode de \"Valhardi\". Mais ce que l\'on retient le plus dans la carrière de Yvan Delporte est l\'époque où il est rédacteur en chef du \"Journal Spirou\", de 1955 à 1968. Il est entre autre à l\'origine des \"mini-récits\" qui vont permettre à de nombreux jeunes talents de s\'affirmer (dont Glem). Il continua en outre à collaborer en tant que scénariste avec divers dessinateurs. Citons pour exemples Peyo pour \"Les Schtroumpfs\" et \"Benoît Brisefer\", Jean Roba pour \"La Ribambelle\", Will pour \"Isabelle\"... Après 1968, Delporte continue à composer des scénarios de Bandes Dessinées pour de nombreux auteurs travaillant pour le magazine \"Spirou\" mais aussi pour d\'autres journaux comme le \"Journal de Mickey\", \"Eppo\"... Il a écrit en outre les scénaris des adaptations des aventures des \"Schtroumpfs\" de Peyo en dessin animé, ainsi que des adaptations de \"Gaston Lagaffe\" et des \"Tifous\" de Franquin. En 1977, Delporte lance \"Le Trombone Illustré\", un supplément interne du magazine \"Spirou\" qui paraît dans 30 numéros avant de continuer sous un autre titre : \"Pendant ce temps, à Landerneau\", dans le mensuel \"A Suivre\". ', '2007-03-05', 'DY1928_6'),
(18, 'Dupanloup', 'Luc', '1945-02-12', 'belgique', 'Dupa', 'Né le 12 février 1945 à Montignies-sur-Sambre, dans la région de Charleroi (Belgique), Dupa fut un élève modèle jusqu\'en 1963. C\'est à cette époque qu\'il découvre la BD et qu\'à l\'incitation de Maurice Tillieux («Gil Jourdan»), il s\'inscrit à l\'Académie des Beaux-Arts de Bruxelles. A sa sortie, il rencontre Greg, alors rédac\'chef du Journal «Tintin», et devient son assistant. Il participe en tant que décoriste, à la réalisation de séries telles que «Fifi», «Fleurette», «Luc Junior», «Zig et Puce» et «Achille Talon». En 1968, parce qu\'il manquait une page de gags pour boucler un numéro de l\'hebdomadaire, Greg lui demande de créer un personnage. Dupa dessine alors une grosse boule de poils blancs avec des pattes et donne à cet «animal», un air débonnaire. Comment l\'appeler ? D\'un nom d\'os, puisque c\'est un chien ! Oui mais, lequel ? Tibia ? Radius ? Ce sera Cubitus, os de l\'avant-bras... C\'est ainsi que, pur produit de l\'imagination délirante de Dupa, le gros toutou Cubitus a fait son entrée dans le Journal «Tintin», le 16 avril 1968. D\'abord sans maître, il sera adopté un an plus tard, par un certain Sémaphore, vieux loup-de-mer à la retraite... En 1971, Dupa reprend les personnages créés par Raymond Macherot, \"Chlorophylle et Minimum\", et les anime pendant cinq ans sur des scénarios de Greg, puis de Bob de Groot. En 1980, Dupa imagine les aventures rocambolesques de \"Niky\", chauffeur de poids-lourd, et en fait un routier sympa, amoureux fou de son bahut (3 albums au Lombard). En 1988, l\'énorme popularité de \"Cubitus\" amène un studio japonais de dessins animés à adapter cette série et à en produire 104 épisodes. ', '2000-11-08', 'DL1945_2'),
(19, 'Corre', 'Gilles', '1961-06-25', 'france', 'Erroc', 'Gilles Corre est né en 1961. Ses études brillantes le mènent à l’ANPE… où il travaille quelques temps, jusqu’en 1989. Il fait alors ses premiers pas dans le monde de la BD professionnelle et travaille aux éditions Vaillant (les éditeurs de /Pif Gadget)/ pendant trois ans. Durant cette période, il dessine la série /Hercule/ avec Yannick. Il rejoint alors Disney Hachette Presse où il commet des articles, des illustrations, des jeux et des scénarios mettant en scène les personnages Disney dans/ le Journal de Mickey/. En parallèle, il collabore avec Achdé sur la série CRS = Détresse, aux éditions Dargaud. En 1999 débute l’aventure des \"Profs\", dont il assure le scénario, avec son compère Pica au dessin. D’abord dans \"le journal de Mickey\", la série connaît très vite le succès en albums chez Bamboo. En outre, il anime, seul cette fois (dessin et scénario), les aventures de \"Raoul et Fernand\". Dans un registre réaliste, il est également l’auteur du scénario du \"Dessinateur\".', NULL, 'CG1961_6'),
(20, 'Fauche', 'Xavier', '1964-04-30', 'france', NULL, NULL, NULL, 'FX1964_4'),
(21, 'Fournier', 'Jean-Claude', '1943-05-21', 'france', NULL, 'Né le 21 mai 1943, Jean-Claude Fournier est originaire de Saint-Quay Portrieux où il a vécu son enfance et où il a réinstallé son studio depuis 1987. Études secondaires au Lycée Henri Avril de Lamballe puis trois années d\'études supérieures à Paris en vue d\'obtenir le professorat de dessin. Simultanément, il suit les cours de l\'École d\'Art Dramatique Ch. Dullin. La bande dessinée lui apparaît comme la synthèse de ses deux passions, le dessin et le théâtre, et il crée le personnage de BIZU pour le journal de SPIROU (1967). Il se voit très vite confier par l\'éditeur DUPUIS le scénario et le dessin des aventures de \"Spirou et Fantasio\" qu\'il animera de 1968 à 1981 et dont il réalisera neuf albums (n° 20 à 29, sauf le 24), dont L\'Ankou qui se déroule entièrement dans les Monts d\'Arrée. Il est à noter que cette aventure de Spirou a été éditée en breton. Parallèlement, de la même façon que son maître Franquin l\'a reçu chez lui et lui a offert des heures et des heures de son temps pour l\'aider à devenir auteur, il reçoit dans son atelier de Rennes de nombreux jeunes passionnés de bande dessinée qui deviendront à leur tour des professionnels, et qui ont pour nom Blesteau, Hiettre, Gégé, Malo Louarn, Emmanuel Lepage, Lucien Rollin, Michel Plessix, lesquels passeront le flambeau à d\'autre jeunes, alimentant ainsi la belle histoire de la florissante BD bretonne dont on dit qu\'elle est née dans l\'atelier de Fournier. L\'album des aventures de Spirou, Le Gri-gri du Niokolo-Koba, remporte un vif succès singulièrement au Sénégal où Fournier est convié à trois reprises pour venir animer des stages de BD pour les enseignants, les étudiants et les formateurs en pédagogie. ', NULL, 'FJ1943_5'),
(22, 'Franquin', 'André', '1924-01-03', 'belgique', NULL, 'Né le 3 janvier 1924 à Etterbeek (Bruxelles, Belgique), André Franquin, après une année de cours de dessin à St-Luc (Bruxelles), entre en 1944, alors âgé de 20 ans, en tant qu\'animateur au studio de dessins animés CBA. Durant ses courtes années d\'animateur, il rencontre Peyo, le créateur des Schtroumpf , Eddy Paape, celui de Luc Orient , et Morris, celui de Lucky Luke . C\'est ce dernier qui le présente à Jijé, père de Spirou .\n\nEn 1946, Jijé lui cède le personnage,emblème du journal Spirou après un bout d\'essai concluant parut dans l\'Almanach Spirou de 1947. Le Personnage fut créé en 1938 par le Français Robert Velter (plus connu sous \'\'Rob-Vel\'\') qui, une fois mobilisé, ne parvenait plus à faire parvenir à temps ses planches en Belgique. Franquin n\'a pas seulement repris le personnage de Spirou , il a aussi ajouté sa griffe et, de peur de ne pas faire rire, il insère des gags\'\'pour être sûr\'\' . Il affine aussi Fantasio, l\'ami farfelu de Spirou , le village de Champignac , et surtout le travail sur des personnages tels que le comte Pacôme Hégésippe Adélard Ladislas de Champignac, Zorglub et dans \'\'Spirou et les Héritiers\'\' (1952) apparaît le Marsupilami de Palombie, qui accompagnera Spirou et Fantasio dans toutes les aventures dessinées ensuite par Franquin.\n\n1955 voit une dispute entre Dupuis et Franquin à cause de droits d\'auteurs sur un album. Celui-ci entre alors aux Éditions Le Lombard et y signe un contrat de 5 ans. Il crée Modeste et Pompon pour le journal Tintin . Il se réconcilie avec Dupuis et retourne aux ateliers de Marcinelles. Cependant il continue à travailler pendant quatre ans chez Le Lombard. De nature paresseuse, il crée son double et en fait un héros bien à part dans la bande dessinée, Gaston Lagaffe , qui voit le jour le 28 février 1957. ', '1997-01-05', 'FA1924_1'),
(23, 'Garray ', 'Pascal', '1965-12-12', 'belgique', NULL, 'À 28 ans, Pascal Garray se voit confier le destin graphique de \"Benoît Brisefer\". S\'il a suivi des cours de BD à l\'Institut Saint-Luc de Liège et dessiné des voitures pour les décors d\'un \"Broussaille\" de son copain Frank, il n\'a encore jamais fait d\'album quand il rentre au Studio Peyo pour y dessiner des \"Schtroumpfs\". Pendant deux ans, il s\'applique auprès du maître à maîtriser les contours et les mouvements des petits bonhommes bleus. Jusqu\'au jour où Peyo lui demande de reprendre le dessin de \"Benoît Brisefer\". À présent, Pascal Garray conçoit aussi le scénario des nouveaux titres de cette série en collaboration avec Thierry Culliford.', NULL, 'GP1965_12'),
(24, 'Gillain', 'Joseph', '1914-01-13', 'belgique', 'jijé', 'Joseph Gillain fut formé à l\'École d’Art de l\'abbaye de Maredsous, à l\'École de La Cambre de Bruxelles et à l’école normale provinciale de Charleroi où il fut l\'élève en dessin de Léon Van den Houten. Il fut l\'initiateur de ce que le monde de la bande dessinée désigne comme l\'École de Marcinelle. Celle-ci est au « Journal de Spirou », fondé à Marcinelle par Jean Dupuis en 1938, ce que l\'École de Bruxelles est au « Journal de Tintin », lancé par les éditions du Lombard en 1946.', '2015-06-19', 'GJ1914_1'),
(25, 'Gilson ', 'François', '1965-11-16', 'allemagne', NULL, 'François Gilson est né le 16 novembre 1965 à Arolsen, en Allemagne, où son père, militaire, se trouvait caserné. Mais c\'est à Liège, où il vit encore aujourd\'hui, qu\'il fait, avec Clarke (né le même jour que lui), ses premières armes dans la BD en créant le fanzine CAFARD. Coup d\'essai, coup de maître : la direction de la très catholique école où ils étudient n\'apprécie guère leur causticité et profite du premier prétexte pour les exclure. À l\'Académie royale des Beaux-Arts de Liège, Gilson s\'aperçoit qu\'il n\'est guère doué pour le dessin, mais qu\'il éprouve en revanche un plaisir certain pour le scénario. Patrick Pinchart, alors rédacteur en chef de Spirou, l\'encourage dans cette voie, et Marc Hardy, dessinateur liégeois de \"Pierre Tombal\", ne lui ménage pas ses conseils. Malgré l\'appui de ces parrains, la période est difficile : Gilson travaille beaucoup, collabore au fanzine IMPAYABLE et s\'associe avec Clarke pour publier en 1987 son premier album \"Rebecca - Bon anniversaire, Papy\" chez le petit éditeur local Khani. Il accomplit ensuite son service militaire en effectuant chaque jour l\'aller retour entre la Belgique et l\'Allemagne dans un camion postal. À force de persévérance, il devient bientôt gagman patenté dans l\'ombre tutélaire du journal SPIROU.', NULL, 'GF1965_11'),
(26, 'Godard', 'Christian', '1932-03-24', 'france', NULL, 'Né en 1932, ce Parisien élégant et sympathique manie le scénario et le dessin avec un égal bonheur. Christian Godard fait ses premières armes dans les années cinquante en multipliant récits complets et séries dans les magazines pour la jeunesse encore foisonnants à l\'époque : Filette, Hoppy, Jocko, Coq-Hardy, Francs-jeux, Fripounet et Marisette, Biribu, Kriss, Pierrot champion, Lisette, Pistolin, Ima, Heures claires, etc. Il entre à l\'hebdomadaire Vaillant en 1957 (\"Gil Bagout\", \"Pipsi\"), puis à Pilote en 1959, où il a la chance de dessiner \"Tromblon et Bottaclou\" sur des scénarios de René Goscinny, avant de créer \"Norbert et Kari\", dont il signe texte et dessin. En 1967, c\'est dans Tintin qu\'il donne naissance à \"Martin Milan\". De plus en plus démangé par l\'écriture, il scénarise nombre de gags de \"Modeste et Pompon\" pour Mittéï et de \"Sylvie\" pour Martial, rédige \"La Jungle en folie\" pour Mic Delinx et \"Le Vagabond des limbes\" pour Julio Ribera. La liste des dessinateurs auxquels il a apporté ses textes est longue et loin d\'être finie : Henri Dufranne, Derib, Pierre Le Guen, Florenci Clavé, Carlos Gimenez, Alexandre Coutelis, Eric Juszezak et, plus récemment, Widenlocher avec lequel il assume la reprise des inénarrables avatars d\'\"Achille Talon\", personnage cédé par Greg aux éditions Dargaud. Il a même tâté de l\'édition en dirigeant avec Ribera leur propre firme, \"Le Vaisseau d\'Argent\", de 1988 à 1991. ', NULL, 'GC1932_3'),
(27, 'Goossens', 'Roland', '1937-03-01', 'belgique', 'Gos', 'Né le 1er mars 1937 à Thy-le-Château, Gos a effectué une carrière militaire dans la marine belge, pendant onze ans. Parallèlement, il se rode le soir et durant ses temps de loisirs à la bande dessinée. Son apprentissage fut avant tout un acharnement personnel et une longue recherche en solitaire. Il réalisa sa première bande dessinée \"Quand on est dans les cols bleus\", une histoire humoristique d\'une dizaine de pages, en 1961 pour la revue militaire NOS FORCES. Gos fit ensuite la connaissance de Peyo qui lui permit de se faire la main en exécutant des travaux de lettrage. En 1965, il franchit le pas et quitta l\'armée pour entrer au Studio Peyo où il assista le Maître dans plusieurs épisodes des \"Schtroumpfs\" et de \"Benoît Brisefer\". Parallèlement, il réalisa quelques courts récits complets pour SPIROU et écrivit des scénarios pour Walthéry : plusieurs épisodes de \"Jacky et Célestin\" et les deux premières aventures de \"Natacha, hôtesse de l\'air\". Il collabora même avec Peyo à la conclusion du dernier \"Spirou et Fantasio\" de Franquin, \"Panade à Champignac\". Tillieux le requiert en 1969 pour assurer la reprise graphique de son propre \"Gil Jourdan\". Il en dessina quatre albums jusqu\'à la mort du créateur, en 1979, et assura même la fin de l\'ultime aventure inachevée du détective. ', NULL, 'GR1937_3'),
(28, 'Goscinny', 'René', '1926-08-14', 'france', NULL, 'Né le 14 août 1926 à Paris, René Goscinny passe son enfance en Argentine, entre Buenos Aires et la Pampa. Après des débuts prometteurs de sous-aide-comptable d\'un aide-comptable dans une usine de récupération de vieux pneus, il entre comme apprenti dessinateur dans une agence de pub. A 19 ans, il part conquérir l\'Amérique et, plus précisément, les studios Walt Disney. Très vite promu chômeur, il ne rencontre jamais Walt Disney mais tombe par hasard sur la bande du futur \'\'Mad - Harvey Kurtzman, Jack Davis, Will Elder - et se sent beaucoup moins seul : l\'humour anglo-saxon coïncide parfaitement avec sa propre manière d\'envisager les choses.\n\nIl rencontre Morris à New York, Charlier à Bruxelles et Uderzo à Paris, à la World Press, petite agence belge dont il dirige le bureau parisien créé en 51. Les auteurs de l\'époque étant payés avec un lance-pierres, le stakhanovisme s\'impose : Goscinny, qui a compris que son talent s\'épanouissait plus efficacement dans le scénario que dans le dessin, met en chantier une foule de bandes dessinées (parmi lesquelles Oumpah-pah, Spaghetti et Luc Junior). Il tape des kilomètres d\'articles et de nouvelles (pour \'\'Pariscope\'\' et \'\'L\'Os à moëlle\'\', entre autres) et signe la rubrique savoir-vivre de \'\'Bonnes Soirées\'\' sous le pseudonyme de Liliane d\'Orsay... ', '1977-11-05', 'GR1926_8'),
(30, 'Regnier', 'Michel', '1931-05-05', 'belgique', 'Greg', 'Greg, de son vrai nom Michel Regnier, naît le 5 mai 1931 à Ixelles, une commune de Bruxelles. Il est cependant de nationalité française. Dès l\'école communale, dans un quartier « à risques », où ses petits camarades ne pensent qu\'à castagner leur prochain, il sauve sa peau en racontant des histoires : chaque matin, on l\'attend sur le chemin de l\'école pour savoir la suite, et il a tout intérêt à se montrer talentueux. Cette vocation, bien qu\'un peu forcée au départ, ne le quittera jamais. Par ailleurs, il dessine pour le plaisir des Pieds Nickelés et des Tarzan. À 16 ans, il signe les mésaventures humoristiques de Nestor et Boniface, puis du cow-boy Ted Aclak dans le quotidien belge Vers l\'Avenir, mais ses talents de dessinateur ne sont guère saisissants et une bonne âme lui conseille d\'aller consulter Franquin - autant dire Dieu lui-même. À chaque entrevue, Franquin le félicite chaleureusement pour les progrès accomplis, tout en lui suggérant d\'améliorer le nez, les oreilles, les pieds, et aussi le monsieur qu\'on voit derrière. Récupérant sa page gribouillée du haut en bas, Greg hésite entre sauter de joie et se flinguer tout de suite. Pourtant, il progresse... En 1953, pour le magazine Héroïc-Albums, il crée Le Chat, une sorte de Batman dont il n\'est pas spécialement fier, mais qui fait maintenant courir les collectionneurs.', '1999-10-29', 'RM1931_5'),
(32, 'Quinquis', 'Herlé', '1958-09-04', 'france', 'Herlé', NULL, NULL, 'QH1958_9'),
(33, 'Jacobs', 'Edgar Pierre', '1904-03-30', 'belgique', NULL, 'Edgar Pierre Jacobs naît le 30 mars 1904 à Bruxelles. Il se passionne très tôt pour le dessin et la musique. Après avoir exercé quelques petits métiers, il travaille dans la publicité. Parallèlement, à partir de 1921, il devient figurant au Théâtre Royal de la monnaie à Bruxelles. Le 25 août 1922, le futur chanteur d\'opéra signe son premier contrat d\'artiste aux cotés de Mistinguett pour la Grande Revue du Casino de Paris. Le 29 août 1929, le baryton reçoit le premier grand prix de chant. Il sera engagé juste après, comme artiste lyrique, à l\'opéra de Lille.\nEn 1940, il doit abandonner la scène, à cause de la seconde guerre mondiale, chose qu\'il regrettera toute sa vie. Le \"baryton du neuvième art\" allait dès lors s\'illustrer dans des travaux graphiques alimentaires (publicité, catalogues, presse) qui le mèneraient à d\'autres \"planches\", celles de la Bande Dessinée, dérisoires à ses yeux, qui pourtant lui assureraient une gloire de diva.', '1987-02-20', 'JE1904_3'),
(34, 'Geurts', 'Jean-Richard', '1957-10-02', 'belgique', 'Janry', 'Janry est né le 2 octobre 1957 à Jadotville, l\'actuelle Likasi au Zaïre. Sa première gamme de couleurs lui vient donc d\'Afrique. Mais aussi de son père qui travaillait dans une fabrique de peinture et de son frère aîné qui, pour le récompenser des bonnes notes qu\'il récoltait à l\'école, lui faisait des dessins \"merveilleux\" : c\'est suffisant pour donner le goût des images. À Bruxelles, où il débarque avec ses parents à dix ans, ce goût devient vite une passion. Janry dessine tout le temps, n\'importe quoi et n\'importe où. Il se passionne particulièrement pour les engins techniques, surtout les avions. Pour discipliner son talent, on l\'inscrit dans une école d\'Arts Graphiques. Là, il fait ses premières armes avec celui qui deviendra son comparse et son ami : Tome. Ils fonderont par la suite un atelier commun avec une fine équipe qui se développe petit à petit : Stéphane De Becker, Bruno Gazzotti, Christian Darasse... Janry publie ses premières planches dans des fanzines. Il est un temps l\'assistant de Francis, Dupa, Greg, Turk et De Groot, avant d\'animer, avec Tome, une rubrique de jeux pour SPIROU (\"Jeuréka\"). C\'est l\'époque où l\'éditeur cherche à redynamiser la production du personnage principal de son hebdomadaire. Pour sortir de leur routine d\'assistants-décorateurs, les deux complices se lancent dans un projet un peu fou : faire revivre \"Spirou et Fantasio\" dans l\'esprit des aventures qui ont bercé leur enfance.', NULL, 'GJ1957_10'),
(36, 'Jeanfaivre', 'Henri', '1968-10-14', 'france', 'Jenfèvre', NULL, NULL, 'JH1968_10'),
(37, 'De Mesmaeker', 'Jean', '1935-12-21', 'belgique', 'Jidéhem', 'Né le 21 décembre 1935, Jean De Mesmaeker, dit Jidéhem, suit les cours d\'art décoratif à l\'institut Saint-Luc de Bruxelles et présente ses premiers travaux à Fernand Cheneval, éditeur et animateur de l\'hebdomadaire HEROïC-ALBUMS, qui l\'encourage et publie en feuilleton à partir de 1953 ses deux premières histoires, \"Ginger et le collectionneur\" et \"Le Baron est fou\". Jidéhem va ensuite réaliser pour ce journal une demi-douzaine d\'enquêtes de son détective \"Ginger\", ponctuées de mitraillades, de poursuites automobiles et de crashes spectaculaires. 1 la disparition d\'HEROïC-ALBUMS, fin 1956, il se présente chez Dupuis. Son type de série semi-réaliste et violente effarouche l\'éditeur fort soucieux de la censure française : Ginger ne vivra de nouvelles aventures dans SPIROU qu\'en 1979, lorsque le seuil de tolérance dans les publications pour la jeunesse se sera nettement relevé. Franquin se trouve toutefois débordé par les nombreuses responsabilités qu\'il a acceptées ( la série \"Spirou et Fantasio\", les animations de couvertures du journal et l\'illustration de la rubrique automobile \"Starter\"; les gags hebdomadaires de \"Modeste et Pompon\" dans TINTIN et la création envisagée de \"Gaston\") et Jidéhem lui est présenté. Il entre dans l\'atelier du Maître et participe aux décors de Spirou à partir du \"Prisonnier du Bouddha\", reprend et développe l\'animation graphique des articles de Starter, collabore largement aux premières années de \"Gaston Lagaffe\" (Son véritable patronyme sera d\'ailleurs accordé à l\'\"homme aux contrats\" de la série.)', NULL, 'DJ1935_12'),
(38, 'Michaut', 'Laureline', '1982-02-03', 'france', 'Laurel', 'Laureline Michaut, dite Laurel, est une illustratrice et dessinatrice de bande dessinée française née le 3 février 1982, à Metz, ville où elle vit toujours actuellement. Baptisée Laureline en référence à l\'héroïne de la série de bande dessinée Valérian. Elle est principalement connue sur internet pour son blog personnel, qu\'elle tient depuis près de 3 ans, qui est un des blogs BD français les plus visité. Après un bac L option Cinéma, Laurel ne suit pas d\'études supérieures artistiques, mais s\'entraîne de façon autodidacte pendant 2 ans, après quoi elle se lancera dans l\'illustration, accumulant des commandes. Elle débutera notamment dans les magazines pour enfants des éditions Koutchoulou. Repérée au FIBD d\'Angoulême en 2004 par Thierry Tinlot, rédacteur en chef du Journal de Spirou à l\'époque, elle participa, en 2004 et 2005, en compagnie des dessinatrices Cha et Mélaka, au magazine Spirou avec leur rubrique 33 rue Carambole, inspiré du blog des 3 auteurs. En 2005 et 2006, elle dessina 2 histoires courtes, sur un scénario de Thiriet, toujours pour le journal Spirou : Eva Lou, qui raconte les déboires d\'une adolescente qui rêve d\'être une star de la chanson. Laurel fit également quelques autres apparitions dans Spirou, ainsi que dans le magazine Psikopat. Son premier album, Carmilla, est prévu pour le mois de septembre 2006 aux éditions Vents d\'Ouest.', NULL, 'ML1982_2'),
(39, 'Le Guen', 'Pierre', '1929-01-12', NULL, NULL, NULL, NULL, 'LP1929_1'),
(40, 'Leloup', 'Roger', '1933-11-17', 'belgique', NULL, NULL, NULL, 'LR1933_11'),
(41, 'Leonardo', 'Vittorio ', '1938-11-25', 'italie', NULL, 'À son arrivée en Belgique, en 1947, quittant le Vésuve pour les terrils, Vittorio Leonardo fait une rencontre historique : Lucky Luke et Jolly Jumper, tous frais créés par Morris dans l’Almanach Spirou 47 ! Si dans les marges de ses cahiers on voit apparaître les caricatures de son instituteur, les \'\'belles feuilles\'\' sont plutôt remplies de têtes de Lucky Luke et de Jolly Jumper, de Topolino et de Paperino (alias Mickey et Donald..). Plus tard, après des montagnes d’études au fusain, de dessins d’après modèle, de peintures à l’huile, Vittorio Leonardo se tourne définitivement vers la bande dessinée, qu’il peaufine longtemps le soir, après avoir colorié toute la journée les planches de.. Lucky Luke, Gaston, des Schtroumpfs, Boule et Bill, Jerry Spring, Gil Jourdan, on en passe, mais pas des meilleures ! Un jour, en visite à l’atelier de gravure-coloriage, Morris lui-même s’arrête devant quelques gags épinglés sur un panneau, qui représentaient les confrères de Leonardo caricaturés par lui.. quelques minutes après, c’est l’échange d’adresses et le début d’une nouvelle ère pour Leonardo ! Aidé par Morris, mais aussi par Franquin, Peyo et Remacle, Leonardo présente en 1968 une histoire originale : Barbotine, qui lui vaut une entrée immédiate au journal de Spirou. ', NULL, 'LV1938_11'),
(42, 'Léturgie ', 'Jean', '1947-12-24', 'france', NULL, 'Jean Léturgie est né le 24 décembre 1947 à Caen (14). Il a débuté dans la bande dessinée en réalisant des interviews pour les \"Cahiers de la Bande Dessinée\" (1976-1980) et le journal \"Circus\" (1979-1983). Parallèlement, il a été attaché de presse aux éditions Glénat. Puis, il écrit sa première histoire pour Pierre Wininger avant de créer, avec Philippe Luguy, Percevan, héros moyenâgeux, dont le 14e album est paru en 2011 aux éditions Dargaud. À partir de 1982, en collaboration avec Xavier Fauche, il écrit pour huit scénarios Lucky Luke de \"Sarah Bernhardt\" au \"Pont sur le Mississipi\". À la suite de cette expérience, il poursuit sa collaboration avec Fauche, et scénarise les aventures de Rantanplan (dessins Morris-Janvier). En avril 1995, avec Pearce et Morris, il lance le Kid Lucky, une nouvelle série qui permettra de raconter l\'histoire de l\'Ouest américain avant la guerre de sécession. Puis en 1996, il publie sa première Bd interactive sur internet au sein de virtual Baguette. Depuis, il poursuit les aventures Rantanplan, tout en travaillant à de nouveaux projets, toujours plus prolifiques. Parallèlement à ses travaux de scénariste, il a exercé diverses activités : responsable de la partie Bande Dessinée pour le journal \"Je Bouquine\" (1985-1986), directeur littéraire aux \"Humanoïdes Associés\" (1988-1990), rédacteur en chef du supplément Bande Dessinée pour VSD (juillet-août 1989), responsable du projet de journal BD ON LINE sur le réseau Internet (réalisation Matra Hachette Multimédia-John Eigrutel productions) pour le salon d\'Angoulême en 1995.', NULL, 'LJ1947_12'),
(43, 'Mandryaka', 'Nikita', '1940-10-20', 'tunisie', NULL, 'Nikita Mandryka, dit Mandryka, est un auteur de bande dessinée français, d’origine russe. Connu pour être le créateur du célèbre Concombre Masqué, il a également fondé avec Claire Brétécher et Marcel Gotlib L’Écho des Savanes et il a été le rédacteur en chef des magazines Charlie Mensuel et Pilote. Parmi les nombreuses récompenses qu’il a reçu, on lui a notamment décerné le Grand Prix du festival d’Angoulême en 1994, rendant ainsi hommage à son œuvre. Origine russe pur jus pour ce dessinateur né un 20 octobre 1940 à Bizerte, en Tunisie par un hasard de circonstances qui influença son génie créateur.', NULL, 'MN1940_10'),
(44, 'Ledent', 'Michel', '1963-05-16', 'belgique', 'Midam', 'Comme Hergé et Franquin, c\'est dans la commune bruxelloise d\'Etterbeek que Michel Ledent, dit Midam, voit le jour en 1963. Enfant, il adore les monstres et rêve de devenir camionneur pour pouvoir travailler la nuit et écouter l\'émission radio «les routiers sont sympas» dans son 30 tonnes. Mais lorsqu\'à 18 ans, il choisit l\'orientation de ses études, il se tourne, un peu par hasard, vers des spécialités artistiques. D\'abord en architecture d\'intérieur durant un an puis en photographie. C\'est finalement en illustration qu\'il décroche un diplôme à Saint-Luc, célèbre école de la capitale belge. Mais la révélation de Midam en tant que dessinateur et scénariste de BD devra attendre. Après ses études d\'illustration, il fait son service militaire dans la Force Navale Belge en tant que dessinateur-décorateur. S\'ensuivent des années de galère et de petites commandes pour diverses revues et journaux. En 1992, il anime diverses rubriques dans le journal de Spirou, mais ce n\'est qu\'un an plus tard qu\'il renouvelle la rubrique consacrée aux jeux vidéo en créant le personnage de Kid Paddle. L\'enthousiasme des lecteurs encourage Midam et le rédacteur en chef de Spirou à passer de la demi-page à la pleine page. Puis naturellement, en 1996, le premier album de Kid Paddle voit le jour. En 1997, Midam crée une nouvelle série : Histoires à lunettes. Il collabore avec Clarke (Mélusine) en lui confiant la réalisation graphique de la série. De cette collaboration naissent 3 albums qui à défaut de rencontrer un succès commercial, suscitent un accueil plus que favorable de la critique. Avec le succès de Kid Paddle, le souhait d\'exploiter ce personnage sur d\'autres supports n\'a pas tardé.', NULL, 'LM1963_5'),
(45, 'Morvan', 'Jean-David', '1969-11-28', 'france', NULL, NULL, NULL, 'MJ1969_11'),
(46, 'Adamowski', 'David', '1966-09-18', 'france', 'Moski', 'David Adamowski - alias Moski - est né le 18 septembre 1966 à Briey, en Meurthe en Moselle. Un père d\'origine polonaise, une mère d\'origine franco-italienne... Au lieu de jouer au foot avec ses copains et son frère, David préfère lire des BD et dessiner. À la question \" Que veux-tu faire plus tard ?\", le jeune David n\'ose pas répondre \" de la BD \" et se lance donc dans des études... scientifiques, en se disant qu\'il sera toujours temps de s\'y remettre, un jour ou l\'autre. Son amour des enfants le pousse finalement à devenir instituteur, (noble métier qu\'il exerce encore aujourd\'hui) en espérant raconter un jour des aventures autrement plus passionnantes que celles du complément d\'objet direct et du participe passé placé avant le verbe avec l\'auxiliaire avoir! Deux ans de service militaire civil (en tant qu\'instituteur à l\'école française de Brasilia) l\'amènent au Brésil, un voyage qui change sa vie ! David y reste finalement quatre ans et fait à Salvador-de-Bahia la rencontre de Lucia, qui deviendra sa femme. Puis, c\'est le retour en France avec la ferme intention de tenter sa chance dans la bande dessinée. Pour cela il travaille d\'abord dans la pub (comme Monsieur Luberlu) et exerce son dessin, influencé au départ par Watterson, l\'auteur de Calvin & Hobbes. En 1997, il sort aux éditions du Bastberg un petit ouvrage jeunesse intitulé A la casse les 7 nains, sur un texte de Frédéric Magnan.', NULL, 'AD1966_9'),
(47, 'Munuera', 'José-Luis', '1972-04-21', 'espagne', NULL, 'Né en Espagne le 21 avril 1972, José-Luis Munuera ne réfute pas sa forte imprégnation par la BD franco-belge, principalement humoristique, dans ses traductions locales ou les magazines parvenant au-delà des Pyrénées. Après ses études aux Beaux-Arts de Grenade, il tente de percer dans son pays, mais se rend vite compte que le goût éditorial y est surtout porté ves les séries américaines, les mangas et un réalisme esthétisant fort éloigné de son penchant naturel pour l\'humour. Il cite volontiers parmi ses lectures préférées Spirou et Fantasio ou l\'oeuvre d\'Uderzo. Jugé trop \"français\" par ses pairs, il se rend en pélerinage à Angoulême où il a la chance de se lier avec Sfar qui lui scénarise trois albums des \"Potamoks\" pour les éditions Delcourt en 1996-1997 (\"Terra incognita\", \"Les Fontaines rouges\", \"Nous et le désert\"). Après ce premier essai en commun dont le résultat commercial ne les satisfait guère, ils se tournent vers Dargaud et content l\'enfance de l\'enchanteur Merlin à partir de 1999 (\"Jambon et Tartine\", \"Merlin contre le Père Noël\", \"Merlin va à la plage\", \"Le Roman de la mère Renart\"). Tout comme le regretté Franquin, Munuera insiste sur le fait qu\'il trouve en fait son plaisir à illustrer des histoires qu\'il aurait aimé lire étant jeune... ', NULL, 'MJ1972_4'),
(48, 'Neel', 'Julien', '1976-04-26', 'france', NULL, 'Julien Neel est né en 1976 en banlieue parisienne. Il a arrêté l\'école en seconde, après y avoir beaucoup dessiné et très peu écouté, et a commencé à travailler dans le graphisme et la publicité. Puis , il est devenu directeur artistique chez un éditeur de cartes postales à Aix-en-Provence. Il est resté dans la ville, mais a fini par quitter les cartes postales pour poursuivre son travail graphique en indépendant. Il a beaucoup oeuvré pour internet et les jeux vidéo avant de voir ses strips publiés dans le Mégazine Tchô ! Son premier livre, paru en 2004 chez Glénat (collection Tchô !), a donné naissance à Lou et lui a valu le prix Jeunesse au festival d\'Angoulême 2005. ', NULL, 'NJ1976_4'),
(49, 'Chevrier', 'Bruno', '1973-01-01', 'france', 'Nob', 'Né à Tours en 1973, Bruno Chevrier effectue ses premiers pas de dessinateur dans un fanzine qu\'il crée au lycée. Il fait son entrée dans le magazine Tchô ! après avoir remporté le Concours Jeunes Talents organisé par les Éditions Glénat. Il crée les aventures de Bogzzz, puis devient rédacteur en chef du journal en 2003. L\'année suivante, il lance Mon ami Grompf dans le mensuel D-Liretout en poursuivant ses activités dans Tchô !Nob trouve l\'inspiration et le temps pour mettre en scène ladorable Mamette, une mamie douce et sucrée, comme les choux à la crème dont elle raffole.', NULL, 'CB1973_1');
INSERT INTO `auteur` (`id_auteur`, `nom_auteur`, `prenom_auteur`, `dateNaiss_auteur`, `pays_auteur`, `pseudo_auteur`, `biographie_auteur`, `dateDeces_auteur`, `ref_Auteur`) VALUES
(50, 'Culliford', 'Pierre', '1928-06-25', 'belgique', 'Peyo', 'Pierre Culliford est né le 25 juin 1928 à Bruxelles. D\'origine britannique par son père, il effectue ses études primaires et secondaires au collège Saint-Louis à Bruxelles, qu\'il abandonne à l\'âge de 16 ans, la Seconde Guerre mondiale étant largement entamée. Jusqu\'à la libération, il est assistant projectionniste dans une salle de cinéma puis il passe quelques mois à l\'Académie des Beaux-arts de Bruxelles. Mais cet enseignement ne lui convient pas car il est attiré par le dessin humoristique et la caricature. Son petit-neveu, incapable de prononcer \"Pierrot\" l\'appela Peyo ... provenance de son pseudonyme. En 1945, il est engagé en tant que \"gouacheur\" à la CBA (modeste studio de dessins animés) où il rencontre ceux qui allaient devenir des incontournables de la BD et de grands amis : André Franquin, Morris et Eddy Paape. Malheureusement, le studio fait faillite (suite à un incendie) et Peyo s\'oriente vers la publicité. Après un an de dessin publicitaire, il débute timidement dans la Bande Dessinée : un essai dans \"La Dernière Heure\", puis dans \"Le Soir\". Bientôt, en 1947, la fusion d\'une passion débordante pour le Moyen-Age mythique de sa plus tendre enfance et d\'un humour poétique teinté de fantaisie tend à la réalisation de \"Johan\", jeune page fidèle à son roi, qui sera le reflet de nos valeurs morales traditionnelles. Parallèlement, il anime \"Pied-Tendre\", le petit indien dans \"Mowgli\", la revue des louveteaux belges, et réalise quelques dessins humoristiques dans divers quotidiens. Le style s\'affine, la verve s\'aiguise et, après quelques coups d\'essai dans différents médias dont \"Moustique\", le jeune Peyo entre chez \"Spirou\" en 1952, et ce grâce à l\'appui d\'André Franquin.', '1992-12-24', 'CP1928_6'),
(51, 'Tranchand', 'Pierre', '1953-01-21', 'france', 'Pica', NULL, NULL, 'TP1953_1'),
(52, 'Roba', 'Jean', '1930-07-28', 'belgique', NULL, NULL, '2006-06-14', 'RJ1930_7'),
(53, 'Rodrigue', 'Michel', '1961-04-01', 'france', NULL, 'C\'est à Lyon, dans l\'hôpital où naquit le grand René Pellos, que Michel Rodrigue a vu le jour dans la nuit du 1er avril 1961. Adolescent, il visite plusieurs lycées où seules ses qualités d\'athlète lui assurent l\'estime de certains professeurs. Grâce au sport, mais aussi à ses talents de dessinateur, il obtient toutefois son bac. Il s\'inscrit alors à l\'Ecole nationale des Beaux-Arts. Contraint cependant de vider les lieux, il opte pour une licence en archéologie médiévale qu\'il passe tout en travaillant comme marionnettiste. De 1983 à 1985, il fait partie de l\'équipe de France de rugby, mais il se produit en outre sur les planches avec la troupe de Jacques Weber et anime des spectacles de marionnettes. Il entre ensuite à l\'Ecole du Cirque où il rencontre la Famille Gruss qui l\'accueille parmi ses membres... Sa vocation de dessinateur de BD, il l\'a découverte après une représentation de «Cyrano de Bergerac». En 1986, son adaptation en bandes dessinées du chef-d\'œuvre d\'Edmond Rostand (Vents d\'Ouest) remporte un fort beau succès. En 1987, il crée la masquotte officielle de la 1ère Coupe du Monde de rugby et l\'année suivante, il signe avec Bom «Les Conspirateurs», une série de gags pour le journal «Tintin». À partir de 1990, succédant à René Pellos, il produit trois albums des «Pieds Nickelés», collabore au mensuel «Rugbyman», l\'organe de la Fédération Française de Rugby, et illustre des affiches de festivals et de cirques.', NULL, 'RM1961_4'),
(54, 'Sulpice', 'Olivier', '1971-01-01', 'france', NULL, 'Olivier Sulpice est né à Mâcon, en 1971. Après une enfance turbulente et une adolescence où il préfère regarder les filles que ses cours, il obtient son Bac et un DUT de Technique de commercialisation. En 1993, il rencontre Henri Jeanfaivre au service militaire dans la gendarmerie. Il s’associent et fondent le studio de création Bamboo Grafic. Passionné de BD depuis toujours, il crée, en 1997, Bamboo Édition et devient éditeur. Ça tombe bien ! Petit, il classait déjà ses albums par maison d’édition. Pendant deux ans, Bamboo ne publie que du Jenfèvre-Sulpice, dont la série Les Gendarmes. Progressivement, des auteurs extérieurs lui font confiance, accélérant la croissance de la société.', NULL, 'SO1971_1'),
(55, 'Thébault', 'Frédéric', '1972-06-15', 'france', 'Tébo', NULL, NULL, 'TF1972_6'),
(56, 'Vandevelde', 'Philippe', '1957-02-24', 'belgique', 'Tome', 'Né à Bruxelles le 24 février 1957, Philippe Vandevelde, dit \"Tome\", aura aimé la bande dessinée avant même d\'en avoir jamais lu! Il a un peu plus de cinq ans lorsque, à la suite d\'une opération aux yeux qui le laisse temporairement aveugle, on lui lit \"Le Sceptre d\'Ottokar\" et \"Les Extraordinaires Aventures de Corentin Feldoë\". Ses premiers essais dans ce domaine paraîtront dans le fanzine BUCK animé par Thierry Groensteen, futur pape de la critique graphique. Afin de renouer avec ses émotions d\'enfant, Tome abandonne ses études d\'animation cinéma, de communication graphique et de journalisme pour se consacrer à son hobby. Il devient un temps assistant de Dupa, puis de Turk et De Groot, bon apprentissage où il s\'allie avec un autre membre de l\'équipe, Janry, pour réaliser des pages de jeux pour SPIROU (\"Jeuréka\"). Après quelques péripéties, la série \"Spirou et Fantasio\" leur est confiée en 1981 et ils lancent \"Le Petit Spirou\" six plus tard. Tome abandonne graduellement le dessin pour se consacrer entièrement au scénario. Pour Warnant, puis Gazzotti, il anime \"Soda\", le pasteur policier new-yorkais. ', NULL, 'VP1957_2'),
(57, 'Uderzo', 'Albert', '1927-04-25', NULL, NULL, NULL, NULL, 'UA1927_4'),
(58, 'Van Hamme', 'Jean', '1939-01-16', NULL, NULL, NULL, NULL, 'VJ1939_1'),
(59, 'Vehlmann ', 'Fabien', '1972-01-30', 'france', NULL, 'Fabien Vehlmann est né le 30 janvier 1972 à Mont de Marsan, dans les Landes. (Il en gardera l’amour des arbres tordus par le vent.) Trois ans plus tard, il déménage en Savoie, où il passe une enfance « vraiment chouette », dans un harmonieux dosage d’introversion — il adore inventer des jeux tout seul — et de sociabilité — il adore retrouver ses potes. « J’ai eu de la chance, mes parents m’ont laissé jouer, au lieu de bosser dès la maternelle, ». Vers 6 ans, il attaque la bande dessinée, en remplissant ses cases de dessins genre « sténo ». Il se découvre aussi un don d’amuseur public, qu’il se croit obligé d’entretenir, jusqu’au moment où il comprend qu’il a aussi le droit d’être triste. Ce qui nous vaut (peut-être) les moments les plus touchants de Samedi et Dimanche : entre deux rigolades, Samedi se chope le blues. Il n’est plus qu’un pauvre petit chiffon qui veut « tomber ici et puis rester tout mou sur le sol et puis pleurer ». Arrivé en fin de parcours lycéen, il se dit que la BD n’est pas une orientation professionnelle raisonnable. Il entre à l’École supérieure de commerce de Nantes, navigue dans le marketing des jouets, et sort diplômé en 1995. Objecteur de conscience, il se retrouve administrateur d’une troupe de théâtre. « C’était comme être planté au milieu d’une pâtisserie sans pouvoir manger les gâteaux : je ne vivais que les aspects chiants de la création. » Malgré tout, il tourne deux ou trois courts-métrages en vidéo avec les comédiens, et essaie la radio dans une station locale, avec des sketches qui font bien marrer le technicien — c’est toujours ça. En 1996, Spirou organise un concours de scénario. Il faut envoyer quatre pages, il en tartine quarante, c’est beaucoup trop.', NULL, 'VF1972_1'),
(60, 'Verron', 'Laurent', '1962-05-25', 'france', NULL, 'Laurent Verron est né à Grenoble le 25 mai 1962. En 1985, il débute dans la vie active comme maquettiste dans une agence de publicité. Autodidacte, il affiche des influences différentes de nombre de ses confrères. Il a lu \"Le Journal de \" Mickey \" bien avant de découvrir \"Spirou\". Walt Disney est une référence absolue pour lui. Il ne sait pas encore que si Franquin, Morris, Peyo et Roba ont fait de la bande dessinée, c’est en pensant d’abord à l’oncle Walt. Son premier coup de foudre franquinien se situe à l’époque du \" Trombone illustré\". L\'envie de faire de la bande-dessinée ne le quittera plus. Ayant appris que Jean Roba, le créateur de \" Boule et Bill \", cherchait un collaborateur, il lui adresse sa candidature et quelques-uns de ses dessins. A son grand étonnement (\"À l’époque, je dessinais comme un réverbère…\" dit-il) son travail est remarqué. Il rencontre alors Roba à Bruxelles. Le courant passe bien entre les deux hommes. \" J’ai travaillé avec Jean entre 1986 et 1989 sur le lettrage, les décors et j\'ai appris à être précis dans mon crayonné, à bien utiliser la plume et le pinceau pour avoir un trait dynamique et vivant, un trait \"lancé\" comme disait Roba\". ', NULL, 'VL1962_5'),
(61, 'Chappuis', 'Philippe', '1967-12-15', 'suisse', 'Zep', 'Zep est né en Suisse en 1967. Il s\'inscrit aux Arts Déco de Genève d\'où il sortira diplômé. Il publie dans la presse « Victor » puis est remarqué par « le journal de Spirou ». Après quelques albums, en 1992, il donne naissance à « Titeuf » par hasard, sur un carnet de croquis, alors qu\'il dessine des souvenirs d\'enfance. La première planche est publiée dans un fanzine et, à sa lecture, Jean-Claude Camano des Editions Glénat lui propose de l\'éditer. C\'est le début de la grande aventure de Titeuf. Le succès est croissant et devient rapidement un véritable phénomène du monde de l\'édition. Plus de 12 millions d\'albums de « Titeuf » ont été vendus, et il est traduit dans plus de 20 pays dont la Chine. En mai 2000, Titeuf fait son apparition dans les romans de la Bibliothèque Rose chez Hachette Jeunesse. En 2001, paraît « Le Guide du zizi sexuel » co-écrit avec Hélène Bruller. Tous deux écrivent « Les Minijusticiers » chez Hachette Jeunesse en 2003. Zep a également illustré la même année un livret pédagogique pour Handicap International et réalisé un carnet de 68 pages pour l\'album « Chansons pour les pieds » de Jean-Jacques Goldman. ', NULL, 'CP1967_12'),
(224, 'Aneko ', 'Yusagi', NULL, 'japon', NULL, NULL, NULL, NULL),
(225, 'Burnham ', 'Erik', '1978-02-26', 'etats unis', NULL, NULL, NULL, 'BE1978_2'),
(226, 'Conner ', 'Amanda', '1967-08-18', 'etats unis', NULL, '\"\"\"\"\"\"', NULL, 'CA1967_8'),
(227, 'De Groot ', 'Robert', '1941-10-26', 'belgique', 'De Groot Bob', 'Né à Bruxelles le 26 octobre 1941, Bob de Groot n\'a que 17 ans lorsqu\'il entame des études dans une école supérieure de dessin. En 1960, sa rencontre avec le grand Maurice Tillieux l\'amène à collaborer aux aventures de «Félix». Pendant plus de cinq ans, il réalise en solo quelque 300 pages pour des quotidiens. En 1967, pour «Pilote», il réalise les décors de courtes histoires avec Hubuc, puis, seul sur un scénario de Reiser, il anime les aventures de «L\'Agent Caméléon» avec Fred. Reprise avec Turk, cette série va lui permettre d\'inaugurer les premières longues années de complicité avec celui-ci. En 1968, pour «Spirou», le duo crée «Archimède», puis entame en 1969 pour «Tintin», les délirantes aventures de «Robin Dubois». En 1972, Bob de Groot reprend les enquêtes de «Clifton» (avec Turk puis avec Bédu). Entre-temps, il abandonne le dessin pour se consacrer exclusivement à l\'écriture de scénarios. En 1975, pour «Achille Talon Magazine», il lance avec Turk les aventures de «Léonard». Comptant dès lors comme l\'un des scénaristes humoristiques les plus réputés, il relance «Chlorophylle» avec Dupa et Walli. Il collabore aussi épisodiquement avec Tibet («Le club des Peur-de-Rien»), Greg et Dany. Pour Morris, il participe en outre aux exploits de «Lucky Luke» et de «Rantaplan» avec Vittorio. En 1989, de Groot fait par ailleurs une incursion dans le récit réaliste en scénarisant pour Ph. Francq «Des villes et des femmes» (Dargaud). ', NULL, 'DR1941_10'),
(228, 'Dini ', 'Paul', '1957-08-07', 'etats unis', NULL, 'Paul Dini a débuté comme scénariste dans l’animation avec des épisodes des Tiny Toons avant de signer quelques-uns des meilleurs épisodes de Batman : la série animée et d’en devenir un des producteurs. Outre son travail pour Warner Bros. Animation et pour la télévision (Lost, Clone Wars), Dini a écrit pour Bruce Timm Mad Love, un one-shot sur son personnage fétiche d’Harley Quinn, et pour Alex Ross des albums en grand format sur Superman, Batman, Wonder Woman, Captain Marvel et la Ligue de Justice. Il a également fait des passages remarqués sur les séries Detective Comics, Batman : Streets of Gotham, Zatanna et Gotham City Sirens.', NULL, 'DP1957_8'),
(229, 'Fletcher ', 'Brenden', '1981-12-15', 'canada', NULL, 'Brenden Fletcher a passé une grande partie de son enfance avec ses grands-parents immigrants écossais qui ont façonné son point de vue de la narration et de la musique. Il a été élevé dans la campagne canadienne en inventant des histoires et des chansons mythiques. Il est diplômé du Royal Conservatory of Music, University of Windsor et a été chanteur au St Catharines outfit, Bedroom Astronomers. Brenden, avec un autre compatriote musicien et compositeur Jakub Zapotoczny, constituent les talents créatifs du nom de Ragni. Ragni a parcouru l\'Europe, réalisée en direct des spectacles en streaming à des milliers d\'auditeurs à travers leur site web et donnés leur morceaux pour iPod. Leur musique peut être entendue dans des documentaires et des courts métrages de l\'Office national du film du Canada, des podcasts disponibles par le biais d\'Apple iTunes Music Store.', NULL, NULL),
(230, 'Fujimoto', 'Hiroshi', '1933-12-01', 'japon', 'Fujiko F.Fujio', '\"\"\"\"\"\"', '1996-09-23', 'FH1933_12'),
(231, 'Aoyama', 'Gôsho', '1963-06-21', 'japon', 'Gôsho Aoyama', 'Au CP, il remporte un concours avec une peinture Yukiai War qui sera exposé au grand magasin Daimaru de Tottori5.\n\nIl a un grand frère et deux petits frères. Le grand frère est devenu scientifique, son petit frère dirige une entreprise familiale de réparation tandis que le frère cadet est devenu médecin. Leurs connaissances techniques et scientiques est une ressource importante pour Gōshō Aoyama quand il cherche des astuces ou histoires pour Détective Conan3.\n\nIl est diplômé au lycée d\'Ikuei5. Il poursuit ses études à l\'université Nihon de Tokyo, à la faculté des arts5. En hiver 1986, Aoyama participe à un concours de manga et gagne2. Ce fut un tremplin pour sa carrière d\'artiste et un tournant dans sa vie.', NULL, 'AG1963_6'),
(232, 'Konami ', 'Kanata', '1958-07-03', 'japon', NULL, '\"\"\"\"\"\"', NULL, 'KK1958_7'),
(233, 'Miura ', 'Isao', '1983-02-25', 'Japon', NULL, 'MIURA est l’auteur du roman The Sacred Blacksmith, dont les 5 volumes se sont écoulés à plus de 600.000 exemplaires au Japon. Son œuvre est désormais adaptée en dessin animé et en manga papier.', NULL, 'MI1983_2'),
(234, 'Aruntiwa', NULL, NULL, 'japon', NULL, NULL, NULL, NULL),
(235, 'Peyer ', 'Tom', '1954-02-23', NULL, NULL, NULL, NULL, 'PT1954_2'),
(236, 'Remender ', 'Rick', '1973-02-01', 'Etats unis', NULL, NULL, NULL, 'RR1973_2'),
(237, 'Sano ', 'Nami', '1987-04-17', 'japon', NULL, NULL, NULL, 'SN1987_4'),
(238, 'Schulz ', 'Charles', '1922-11-26', 'etats unis', 'Schulz Charles', NULL, '2000-02-13', 'SC1922_11'),
(239, 'Seeley ', 'Tim', NULL, 'etats unis', NULL, 'Tim Seeley est un scénariste de bande dessinée connu pour son travail sur les séries Grayson (DC Comics), GI Joe: A Real American Hero, GI Joe vs. Transformateurs et New Exiles. Il est également le co-créateur des titres Hack/Slash et Revival chez Image comics.', NULL, NULL),
(240, 'Snyder ', 'Scott', '1976-01-01', 'etats unis', NULL, NULL, NULL, 'SS1976_1'),
(241, 'Tomasi ', 'Peter J', '1967-08-18', 'etats unis', NULL, 'Peter J. Tomasi est un éditeur et scénariste américain de comics books , connu pour son travail pour DC Comics . En tant qu\'éditeur, il a supervisé de nombreux livres mettant en vedette la \"Justice League\" , y compris des livres avec divers membres de cette équipe, tels que Batman, Aquaman, Martian Manhunter, Green Lantern et Flash. En tant que scénariste, il a écrit des histoires avec des personnages liés au héros Batman, tels que Batman et Robin et The Outsiders , au héros Green Lantern tels \" Blackest Night \", \"Brightest Day\" et \"Green Lantern: Emerald Warriors\". Tomasi est devenu fan de comics en lisant les magazines de Batman que son père achetait et en regardant l\'émission de T.V \"Super Friends\" que présentait Adam West (l\'acteur jouant Batman dans la série des 60\'s). il cite le travail de Denny O\'Neil et Neal Adams comme inspiration pour sa carrière ainsi que Jim Aparo et Bob Haney pour son travail sur \"The Brave and the Bold\". Commençant comme éditeur chez DC en 1993, il travaille sur des titres tels que Green Lantern , Batman, Aquaman , Hawkman et JSA , il était aussi un scénariste occasionnel sur divers titres, y compris JSA, The Outsiders , Steel et The Light Brigade.', NULL, 'TP1967_8'),
(242, 'Len', 'Wein ', '1948-06-12', NULL, NULL, NULL, NULL, 'LW1948_6'),
(243, 'Drousie', 'Benoit', '1962-04-12', 'belgique', 'Zidrou', '\"\"\"\"\"\"', NULL, 'DB1962_4'),
(244, 'Geluck', 'Philippe', '1954-05-07', 'belgique', 'Geluck', 'Philippe Geluck est né à Bruxelles le 7 mai 1954. Déjà tout petit, il décide qu\'il deviendrait comédien. Dès 1975, il joue au Théâtre National de Belgique (\"Roméo et Juliette\", \"l\'Opéra de Quat\'sous\", ... ou bien encore \"les oeuvres de Chaval et Copi\"). Rapidement, il a les honneurs du petit écran où il anime plus de mille émissions au ton ironique, et cela depuis 1978. Citons parmi eux \"Lollipop\", \"L\'esprit de famille\" et \"le Jeu des dictionnaires\". En 1982, il crée un one-man-show, \"Un certain plume\", de Michaux, avec lequel il recueille un succès énorme. Il participe en 1983 au film d\'André Delvaux \"Benvenuta\" ainsi qu\'au téléfilm de JL Colmant, \"Jackson et le Mnémocide\", d\'après le scénario de Jean Van Hamme.', NULL, 'GP1954_5'),
(245, 'De Bevere', 'Maurice', '1923-12-01', 'belgique', 'Morris', 'Né en 1923, Maurice de Bevere, dit Morris, est un dessinateur et scénariste de bande dessinée belge. Créateur en 1947 de la série Lucky Luke, de son héros éponyme et de son univers, il a également créé Rantanplan en 1987, ainsi que les éditions Lucky Productions, pour promouvoir son œuvre, en 1990. On lui décerne, en 1992, le Grand Prix spécial 20ème anniversaire du Festival d’Angoulême, en hommage à sa carrière, et il est fait Officier dans l’Ordre des Arts et des Lettres en 1998. Morris s’éteint en 2001, à l’âge de 77 ans. C’est à Courtrai, le 1er Décembre 1923, qu’est né Maurice de Bevere dit Morris, l’un des pères fondateurs de la bande dessinée. Après le baccalauréat et des études de droit, il apprend la technique de l’animation grâce aux cours de dessin de Jean Image et il entre bientôt à la Compagnie Belge d’Actualités, studio de dessins animés où il fait la connaissance d’André Franquin, d’Eddy Paape et de Peyo. ', '2001-07-16', 'DM1923_12'),
(246, 'Chivard', 'Yoann', '1971-10-08', 'france', 'Yoann', 'oann… est né en 1971, le 8 octobre à Alençon dans l’Orne… une jeunesse passée à dessiner chez lui le mercredi après-midi, ou à observer les grenouilles au bord des ruisseaux voisins… Après un bac arts-plastiques, il est reçu à l’école des Beaux-Arts d’Angers, ville qu’il habitera 8 ans. Aux Beaux-Arts, il rencontre Eric Omond, qui devient vite son scénariste favori ainsi qu’un de ses meilleurs amis, il s’ouvre aussi sur l’art contemporain, la vidéo, la photo, la communication et cessera même, la BD durant un an et demi. ', NULL, 'CY1971_10'),
(247, 'Liégeois', 'Philippe', '1947-07-08', 'Belgique', 'Turk', 'Né à Durbuy le 8 Juillet 1947 dans les Ardennes Belges, Turk, de son vrai nom Philippe Liégeois n\'a que 16 ans, lorsqu\'il est engagé au studio de dessin des Editions Dupuis à Bruxelles. C\'est là qu\'il rencontrera beaucoup de dessinateurs et entre autres, Bob de Groot. C\'est le début de leur fructueuse collaboration. Sur scénario de Bob de Groot, il dessinera en 1968 pour \"Spirou\" quatre mini-récits ayant pour héros Archimède. A cette époque, la télévision a la bonne idée de passer un film de \"Robin des Bois\". C\'est le déclic ! Ils décident de créer un personnage démythifiant le héros de la célèbre légende. Pourquoi ne pas l\'appeler \"Dubois\", c\'est plus commun ! Ils le proposent, en 1969, au journal \"Tintin\". ', NULL, 'LP1947_7'),
(248, 'Aiya', 'Kiu', NULL, 'japon', NULL, NULL, NULL, NULL),
(249, 'Yamada', 'Kohtaro', '1980-03-15', 'japon', NULL, 'Son prénom est orthographié Kohtaro, Koutarou ou Kôtarô suivant les éditeurs. Yamada Kôtarô a été récemment remarqué en France pour Étoile (paru chez Tonkam) et est notamment connu au Japon pour son adaptation de Fire Emblem dans les pages du prestigieux Shônen Jump.', NULL, 'YK1980_3'),
(268, 'Len', 'Wein ', '1948-06-12', 'etats unis', NULL, NULL, NULL, 'LW1948_6'),
(271, 'Cassaday ', 'John', '1971-01-01', 'etats unis', NULL, NULL, NULL, 'CJ1971_1'),
(272, 'Aucoin', 'Derec', NULL, NULL, 'Donovan Derec', 'Désormais appelé Derec Donovan, ce dessinateur discret et talentueux débute dans les années 1990 sur la série R.E.B.E.L.S. pour DC Comics avant de multiplier les travaux aussi divers que Wonder Woman, Connor Hawke : Dragon’s Blood ou Legion of Super-Heroes. Sa reprise d’Adventures of Superman avec Joe Casey au scénario consolide un tandem que l’on retrouve ensuite sur une reprise du Youngblood d’Image Comics.', NULL, NULL),
(274, 'Gleason', ' Patrick', NULL, 'etats unis', NULL, NULL, NULL, NULL),
(275, 'Jones ', 'Tristan Huw', '1984-12-31', 'australie', 'Jones T-Rex', NULL, NULL, 'JT1984_12'),
(276, 'Montri ', 'K.', NULL, NULL, NULL, NULL, NULL, NULL),
(279, 'Takara ', 'Marcio', '1905-01-21', 'etats unis', NULL, NULL, NULL, NULL),
(280, 'Tarr ', 'Babs', '1987-11-12', 'etats unis', NULL, NULL, NULL, 'TB1987_11'),
(281, 'Templeton ', 'Ty', '1962-05-09', 'Canada', NULL, NULL, NULL, 'TT1962_5'),
(282, 'Timms ', 'John', NULL, 'costa rica', NULL, NULL, NULL, NULL),
(283, 'Amouriq', 'André', '1945-01-01', 'France', NULL, NULL, NULL, 'AA1945_1'),
(284, 'Fréchon', 'Aubin', '1967-08-08', 'France', 'Aubin Antoine', NULL, NULL, 'FA1967_8'),
(285, 'Aucaigne', 'Pierre', '1960-07-22', 'France', NULL, NULL, NULL, 'AP1960_7'),
(286, 'Benoit', 'Ted', NULL, NULL, NULL, NULL, NULL, NULL),
(287, 'Blesteau', 'Albert', '1950-06-08', 'France', NULL, NULL, NULL, 'BA1950_6'),
(288, 'Bodart', 'Denis', '1962-11-30', 'Belgique', NULL, 'Denis Bodart né en Belgique en 1962, débute dans la BD en 1985. Il s\'associe avec Yann en 1988 avec Célestin Speculoos chez Glénat, qui est depuis réédité chez Vents d\'Ouest et un volume de Chaminou pour Marsu Productions.', NULL, 'BD1962_11'),
(289, 'Borecki', 'Ludo', '1973-03-24', 'Belgique', NULL, NULL, NULL, 'BL1973_3'),
(290, 'Carrère', 'Serge ', '1958-01-05', 'France', NULL, NULL, NULL, 'CS1958_1'),
(291, 'Constant', 'Michel', '1963-02-07', 'Belgique', NULL, NULL, NULL, 'CM1963_2'),
(292, 'Cucuel', 'Xavier ', NULL, 'France', NULL, NULL, NULL, NULL),
(293, 'Dalena', 'Antonello', NULL, 'Italie', NULL, 'Antonello Dalena a démarré sa carrire en illustrant des récits courts pour Disney (Mickey, Donald Duck). Il réalise également des character designs pour la société de production de dessins animés Artoonic.', NULL, NULL),
(294, 'De Coninck', ' Jeroen', NULL, 'Belgique', NULL, 'Après des études graphiques Gand, Jeroen De Coninck travaille depuis plusieurs années dans cette branche. Il réalise entre autres une bande dessinée L\'Arche de Noé ainsi que des illustrations pour des livres d\'enfants et pour des hebdomadaires. ', NULL, NULL),
(295, 'De Moor', 'Robert', '1925-12-20', 'Belgique', 'De Moor Bob', NULL, '1992-08-16', 'DR1925_12'),
(296, 'Drèze', 'Erwin ', '1960-11-27', 'Belgique', NULL, NULL, NULL, 'DE1960_11'),
(297, 'Duchâteau', 'André-Paul', '1925-05-08', 'Belgique', NULL, NULL, NULL, 'DA1925_5'),
(298, 'Dufaux', 'Jean', '1949-06-07', 'Belgique', NULL, NULL, NULL, 'DJ1949_6'),
(299, 'Lodewick', 'Vincent ', '1964-08-20', 'Belgique', 'Dugomier Vincent', NULL, NULL, 'LV1964_8'),
(300, 'Catignol', 'Christian ', '1925-02-09', 'France', 'Gaty Christian', NULL, NULL, 'CC1925_2'),
(301, 'Géron', 'Jacques', '1950-01-08', 'Belgique', NULL, NULL, '1993-10-30', 'GJ1950_1'),
(303, 'Henrotin ', 'Marcy', NULL, 'Belgique', NULL, NULL, NULL, NULL),
(304, 'Hubinon', 'Victor', '1924-04-26', 'Belgique', NULL, NULL, '1979-01-08', 'HV1924_4'),
(305, 'Janssens', 'Jean-Louis', '1959-09-27', 'France', NULL, NULL, NULL, 'JJ1959_9'),
(306, 'Janvier', 'Michel ', '1954-01-02', 'France', NULL, NULL, NULL, 'JM1954_1'),
(307, 'Jost', 'Alain', NULL, NULL, NULL, 'Aprés avoir longtemps écrit et dessiné des gags quotidiens ou hebdomadaires pour la presse, Alain Jost s\'est éloigné du dessin pour se consacrer aux scénarios, livres pour enfants et romans pour jeunes.Il collabore depuis une vingtaine d\'années avec le studio Peyo pour lequel il a écrit de nombreux strips, gags en une page (Schtroumpferies), conte du Grand Schtroumpf et quantité de livres pour enfants, récits audio et adaptations diverses.', NULL, NULL),
(308, 'Juillard', 'André', NULL, 'Belgique', NULL, NULL, NULL, NULL),
(309, 'Kox', 'Daniel', '1948-06-09', 'France', NULL, NULL, NULL, 'KD1948_6'),
(310, 'Lambillotte', 'Willy', '1936-05-14', 'Belgique', 'Lambil Willy', NULL, NULL, 'LW1936_5'),
(311, 'Lapière', 'Denis ', '1958-08-08', 'Belgique', NULL, NULL, NULL, 'LD1958_8'),
(312, 'Macherot', 'Raymond', '1924-03-30', 'Belgique', NULL, NULL, '2008-09-26', 'MR1924_3'),
(313, 'Mainguy', 'Dominique ', '1965-02-05', 'France', NULL, NULL, NULL, 'MD1965_2'),
(314, 'Maury', 'Alain', '1958-03-09', 'Belgique', NULL, NULL, NULL, 'MA1958_3'),
(315, 'Ollivier', 'Jean', '1925-01-01', 'France', NULL, NULL, '2005-12-30', 'OJ1925_1'),
(316, 'Oneta', 'Franco', '1934-11-23', 'Italie', NULL, NULL, '2016-01-11', 'OF1934_11'),
(317, 'Paganotto', 'Camille', '1977-02-25', NULL, NULL, NULL, NULL, 'PC1977_2'),
(318, 'Parthoens', 'Luc', '1964-10-02', 'Burundi', NULL, NULL, NULL, 'PL1964_10'),
(319, 'Pellerin', 'Patrice', '1955-11-02', 'France', NULL, NULL, NULL, 'PP1955_11'),
(320, 'Perna', 'Patrice', NULL, 'France', 'Perna Pat', NULL, NULL, NULL),
(321, 'Poisson', 'Jean-Louis ', '1928-06-29', 'France', 'Pesch Jean-Louis', NULL, NULL, 'PJ1928_6'),
(322, 'Reynès', 'Mathieu', '1977-02-11', 'France', NULL, NULL, NULL, 'RM1977_2'),
(323, 'Richez', 'Hervé', '1967-07-23', 'France', NULL, NULL, NULL, 'RH1967_7'),
(324, 'Saive', 'Bruno', NULL, 'Belgique', NULL, 'Bruno Saive est scénariste de bandes dessinées. Il est le frère de Olivier Saive, dessinateur de BD', NULL, NULL),
(325, 'Saive', 'Olivier ', '1963-08-31', 'Belgique', NULL, NULL, NULL, 'SO1963_8'),
(326, 'Salvérius', 'Louis ', '1935-01-01', 'Belgique', NULL, NULL, '1972-05-22', 'SL1935_1'),
(327, 'Sente', 'Yves ', '1964-01-17', 'Belgique', NULL, NULL, NULL, 'SY1964_1'),
(328, 'Tabary', 'Jean ', '1930-03-05', 'Sude', NULL, NULL, '2011-08-18', 'TJ1930_3'),
(329, 'Toulon', 'Arnaud ', '1973-04-18', 'France', NULL, NULL, NULL, 'TA1973_4'),
(330, 'Veys', 'Pierre', '1959-04-07', 'France', NULL, NULL, NULL, 'VP1959_4'),
(331, 'Wein', ' Len', '1948-06-12', 'Etats unis', NULL, NULL, NULL, 'W 1948_6'),
(332, 'Widenlocher', 'Roger', '1953-06-03', 'Algérie', NULL, NULL, NULL, 'WR1953_6'),
(333, 'Darmenton', 'Hervé', NULL, 'France', 'Achdé', NULL, NULL, NULL),
(334, NULL, NULL, NULL, 'Japon', 'Aruntiwa', NULL, NULL, NULL),
(335, 'Debarre', 'Christian', NULL, 'France', 'Bar2', NULL, NULL, NULL),
(336, 'Brémaud', 'Frédéric', NULL, 'Corée du Sud', 'Brrémaud', NULL, NULL, NULL),
(337, 'Salomon', 'Christophe', NULL, 'France', 'Chric', NULL, NULL, NULL),
(338, 'Séron', 'Frédéric', NULL, 'Belgique', 'Clarke ', NULL, NULL, NULL),
(339, 'Paty', 'Christian', '1969-03-14', 'France', 'Dzack ', NULL, NULL, 'PC1969_3'),
(340, 'Deteindre', 'Stéphane', NULL, 'France', 'Fane', NULL, NULL, NULL),
(341, 'De Luca', 'Antonio', NULL, 'Italie', 'Laudec ', NULL, NULL, NULL),
(342, 'Mauricet', 'Alain', NULL, 'Belgique', 'Mauricet ', NULL, NULL, NULL),
(343, 'Maezelle', 'Luc', NULL, 'Belgique', 'Mazel ', NULL, NULL, NULL),
(344, 'Netch', NULL, NULL, 'Belgique', 'Netch', NULL, NULL, NULL),
(345, 'Broca', 'Nicolas', NULL, 'Belgique', 'Nic ', NULL, '1993-02-07', NULL),
(346, NULL, NULL, NULL, NULL, 'Patelin', 'Grand amateur de BD et de jeux vidéos il propose ses premiers gags dans le T05 de Game Over. Pour le T06 de Game Over son pseudo est en couverture.', NULL, NULL),
(347, 'Dauvin', 'Stéphane', '1978-09-05', 'Belgique', 'Stédo ', NULL, NULL, 'DS1978_9'),
(348, 'Raymond', 'Antoine', NULL, 'Belgique', 'Vicq', NULL, NULL, NULL),
(349, 'Goossens', 'Walter', NULL, 'Belgique', 'Walt ', NULL, NULL, NULL),
(350, 'Maltaite', 'Willy', NULL, 'Belgique', 'Will', NULL, NULL, NULL),
(351, 'Le Pennetier', 'Yann', '1954-05-25', 'France', 'Yann', NULL, NULL, 'LY1954_5'),
(352, 'Rémi', 'Georges', '1907-05-22', 'Belgique', 'Hergé', NULL, '1983-03-03', 'RG1907_5'),
(353, 'Pellejero', 'Ruben', '1952-12-20', 'Espagne', NULL, NULL, NULL, 'PR1952_12'),
(354, 'Weinberg', 'Olivier', NULL, NULL, NULL, NULL, NULL, NULL),
(355, 'Sans auteur', 'Sans auteur', NULL, NULL, NULL, NULL, NULL, NULL),
(356, 'Barral', 'Nicolas', '1966-12-22', 'france', NULL, 'Nicolas Barral est né le 22 décembre 1966 à Paris. Après un Baccalauréat (philosophie et maths), il étudie pendant un an les arts plastiques puis intègre l\'école d\'Angoulême où il étudie sous la houlette de Robert Gigi. Il débute sa carrière de professionnel à OK Podium en se faisant les dents sur la réalisation des pages BD. Lors d\'un concours de jeunes talents organisé par la FNAC, il est remarqué par Jean-Christophe Delpierre qui l\'intègre à l\'équipe de Fluide Glacial. C\'est avec Christophe Gibelin, rencontré lors de son séjour angoumoisin, qu\'il imagine l\'ébauche de ce qui deviendra Les Ailes de Plomb, commencé en janvier 95. Ce fan de BD, qui se souvient de sa timidité devant les auteurs en pleine dédicace, ne cache pas ses affinités pour Tardi, qui lui a fait aimer les années 50, Giraud, Durand, mais aussi Uderzo et Morris.', NULL, 'BN1966_12'),
(357, 'Smulkowski', 'Scarlett', '1954-06-13', 'france', 'Scarlett', 'Scarlett, de son nom complet Scarlett Smulkowski, est une coloriste de bande dessinée. Elle a commencé sa carrière de coloriste en collaborant sur les albums du dessinateur Caza.', NULL, 'SS1954_6'),
(358, 'Sedyas', 'Sergio', NULL, NULL, NULL, NULL, NULL, 'SS1001_1'),
(359, 'Pichelin', 'Marc', '1967-01-01', 'france', NULL, NULL, NULL, 'PM1967_1'),
(360, 'Guerse', 'Guillaume', '1971-01-01', 'france', NULL, NULL, NULL, 'GG1971_1'),
(361, 'Dequier', 'Bruno', '1980-09-07', 'france', NULL, 'C\'est à Bordeaux, en Gironde, que nait Bruno Dequier le 7 septembre 1980. Après l\'obtention de son baccalauréat, il devient élève de l\'École Émile Cohl de Lyon en 2000. Il suivra les enseignements d\'art graphique de cet institut pendant trois ans jusqu\'en 2003, année où il réussit le difficile concours d\'entrée à l\'école des Gobelins de Paris, dans la discipline Animation. Il est diplômé de cette école en 2006. Dès sa sortie d\'école, il est remarqué par Bibo Bergeron (réalisateur notamment du film d\'animation « Gang de requins ») qui lui propose de participer à l\'élaboration du storyboard du film « Un monstre à Paris » produit par Europacorp©. Il rejoint alors la petite équipe constituée par Bibo à Nice en 2007 et collabore étroitement à l\'élaboration du projet de ce film.', NULL, 'DB1980_9'),
(362, 'Pelinq', 'Christophe', '1963-08-14', 'france', 'Scotch Arleston', 'Né le 14 août 1963 Christophe Arleston a été journaliste, rédacteur publicitaire puis auteur dramatique. C’est à la fin des années 80 qu’il se tourne résolument vers le scénario de bandes dessinées. Après des premières armes dans le magazine Circus et l’hebdomadaire Spirou, il crée de nombreuses séries dans des styles très différents : du polarhumoristique avec Léo Loden, dessiné par Serge Carrère, de la parodie historique avec Tandori, Fakir du Bengale, dessiné par Curd Ridel, et de l’aventure médiévale fantastique avec Les Maîtres Cartographes, puis LesFeux d’Askell, séries respectivement dessinées par Paul Glaudel et Jean-Louis Mourier. En 1994, il crée Lanfeust de Troy avec Didier Tarquin, série qui mêle aventure-fantasy et humour, et remporte un succès immédiat. Dans la foulée suivent Trolls de Troy avec Jean-Louis Mourier puis Le Chant d’Excalibur avec Éric Hübsch, Les Forêts d’Opale avec Philippe Pellet, Moréa avec Thierry Labrosse. Aujourd’hui la plupart des séries se poursuivent, rejointes par de nouvelles: Les Conquérants de Troy avec Ciro Tota, Élixirs avec Alberto Varanda, Les Naufragés d’Ythaq avec Adrien Floch et SinBad avec Alwett et Alary.En dépit de cet emploi du temps plus que chargé, Arleston travaille sur une nouvelle collection : Les Légendes de Troy dessinées respectivement par Nicolas Keramidas, Olivier Vatine, Éric Hérenguel et Dany. Depuis 1998, Christophe Arleston porte aussi la casquette de rédacteur en chef du Lanfeust Mag. À ce jour, Christophe Arleston est le scénariste de plusieurs séries de bandes dessinées dont la plupart sont de grands succès publics.', NULL, 'PC1963_8'),
(363, 'Van Cutsen', 'William', '1935-09-08', 'belgique', 'Vance William', 'William Van Cutsen alias Vance est né en 1935 en Belgique. Il intègre les cours de l\'Académie des Beaux-Arts de Bruxelles, puis débute sa carrière dans une agence de publicité. En 1962, William Van Custen prend le pseudonyme de Vance et commence des illustrations dans le magazine Tintin. Très vite il réalisera un grand nombres d\'histoires en 4 planches. On retrouve une partie de ces récits dans C\'étaient des hommes édité chez Deligne. En 1964, il dessine sur un scénario d\'Yves Duval sa première série, Howard Flynn, histoire d\'un jeune lieutenant corsaire. En 1965, il s\'intéresse au monde du Western avec le personnage de Ringo sur un scénario de Louis Albert (alias Greg). ', '2018-05-14', 'VW1935_9'),
(365, 'Perriot', 'Vincent', '1984-04-15', 'France', NULL, 'Vincent Perriot nait à Olivet en 1984. Curieux de l\'inventivité de la bande dessinée du moment, il profite dès 2003 de l\'école des beaux-arts d\'Angoulême pour s\'enrichir en dessin et en amitiés. Dans une énergie frénétique qui le caractérise, il cumule un certain nombre de croquis sur la vie de la ville et s\'expérimente à de petits récits d\'aventures soutenus par le site internet \"Coconino\". Il intègre par la suite le collectif d\'auteurs \"Clafoutis\" avec qui il partage le goût des histoires baroques et des images aux perspectives distendues. C\'est avec son ami éditeur et auteur Guillaume Trouillard qu\'il publie le livre Entre Deux (Editions de la Cerise) à l\'image d\'un road movie contemporain qui lui vaut une entrée prometteuse dans l\'édition indépendante. Taïga Rouge (Aire Libre) se révèle être son premier album de bandes dessinées et gonfle son plaisir de dessiner les neiges et les villes de lointaines contrées grâce à l\'oeil éclairé du scénariste Arnaud Malherbe et de la coloriste Ruby. Il s\'aventure désormais à Paris, où il collabore au long métrage du Chat du Rabbin de Joann Sfar, et profite d\'y dessiner la vie de la capitale pour nourrir d\'autres projets de bandes dessinées aussi éclectiques les uns que les autres.', NULL, 'VP-1984-4'),
(366, 'Bonté', 'Thérèse', '1970-01-01', 'France', NULL, 'Illustratrice incontournable dans l\'univers jeunesse, Thérèse Bonté a étudié à l\'Ecole d\'art de Blois. Elle travaille chez elle à Tours, au pays de Rabelais. Curieuse, elle aime s\'exprimer avec humour et spontanéité comme le reflètent ses personnages. Sous son trait, prennent vie autant de séries à succès telles que \"Les Caprices de Louise\", \"Sami et Julie\" ou encore \"Énigmatique, mon cher Éric\". Elle a publié des ouvrages chez Hachette Education, Belin, Le Pommier, Milan, Hatier, Lito, Actes Sud Junior, Fleurus, l\'Élan vert... Elle travaille également pour la presse et la publicité. \r\n', NULL, 'TB_1970_1');

-- --------------------------------------------------------

--
-- Structure de la table `collaborer`
--

DROP TABLE IF EXISTS `collaborer`;
CREATE TABLE IF NOT EXISTS `collaborer` (
  `livre_isbn` varchar(18) CHARACTER SET utf8mb3 COLLATE utf8mb3_bin NOT NULL,
  `auteur_id` int NOT NULL,
  PRIMARY KEY (`auteur_id`,`livre_isbn`),
  KEY `participer_ibfk_2` (`livre_isbn`),
  KEY `id_auteur` (`auteur_id`)
) ENGINE=InnoDB DEFAULT CHARSET=utf8mb3 COLLATE=utf8mb3_bin;

--
-- Déchargement des données de la table `collaborer`
--

INSERT INTO `collaborer` (`livre_isbn`, `auteur_id`) VALUES
('978-2-205-06247-2', 2),
('978-2-205-06638-8', 2),
('978-2-8036-2394-5', 6),
('978-2-8036-2527-7', 6),
('978-2-8036-2633-5', 6),
('978-2-8036-2826-1', 6),
('978-2-8036-2805-6', 7),
('2-205-04914-3', 8),
('2-205-04959-3', 8),
('2-8001-0256-X', 10),
('2-8001-0310-8', 10),
('2-8001-0333-7', 10),
('2-8001-0364-7', 10),
('2-8001-0426-0', 10),
('2-8001-0459-7', 10),
('2-8001-0491-0', 10),
('2-8001-0500-3', 10),
('2-8001-0501-1', 10),
('2-8001-0529-1', 10),
('2-8001-0559-3', 10),
('2-8001-0584-4', 10),
('2-8001-0627-1', 10),
('2-8001-0651-4', 10),
('2-8001-0692-1', 10),
('2-8001-0754-5', 10),
('2-8001-0858-4', 10),
('2-8001-0914-9', 10),
('2-8001-0970-X', 10),
('2-8001-0977-7', 10),
('2-8001-0994-7', 10),
('2-8001-1015-5', 10),
('2-8001-1023-6', 10),
('2-8001-1034-1', 10),
('2-8001-1126-7', 10),
('2-8001-1242-5', 10),
('2-8001-1259-X', 10),
('2-8001-1431-2', 10),
('2-8001-1438-X', 10),
('2-8001-1514-9', 10),
('2-8001-1537-8', 10),
('2-8001-1582-3', 10),
('2-8001-1616-1', 10),
('2-8001-1636-6', 10),
('2-8001-1673-0', 10),
('2-8001-1676-5', 10),
('2-8001-1739-7', 10),
('2-8001-1747-8', 10),
('2-8001-1768-0', 10),
('2-8001-1780-X', 10),
('2-8001-1816-4', 10),
('2-8001-1839-3', 10),
('2-8001-1868-7', 10),
('2-8001-1905-5', 10),
('2-8001-1940-3', 10),
('2-8001-1941-1', 10),
('2-8001-1990-X', 10),
('2-8001-2036-3', 10),
('2-8001-2092-4', 10),
('2-8001-2123-8', 10),
('2-8001-2171-8', 10),
('2-8001-2224-2', 10),
('2-8001-2228-5', 10),
('2-8001-2338-9', 10),
('2-8001-2341-9', 10),
('2-8001-2455-5', 10),
('2-8001-2462-8', 10),
('2-8001-2596-9', 10),
('2-8001-2650-1', 10),
('2-8001-2777-5', 10),
('2-8001-2786-4', 10),
('2-8001-2949-2', 10),
('2-8001-3096-2', 10),
('2-8001-3102-0', 10),
('2-8001-3247-7', 10),
('2-8001-3261-2', 10),
('2-8001-3262-0', 10),
('2-8001-3353-8', 10),
('2-8001-3516-6', 10),
('2-8001-3610-3', 10),
('2-8001-3696-0', 10),
('2-8001-3697-9', 10),
('2-8001-3860-2', 10),
('2-930110-23-6', 10),
('978-2-8001-3918-0', 10),
('978-2-8001-4018-6', 10),
('978-2-8001-4377-4', 10),
('978-2-8001-4599-0', 10),
('978-2-8001-4646-1', 10),
('978-2-8001-4756-7', 10),
('978-2-8001-4852-6', 10),
('978-2-8001-5194-6', 10),
('978-2-8001-5992-8', 10),
('2-350-78093-7', 11),
('2-350-78106-2', 11),
('2-912715-54-7', 11),
('2-912715-92-x', 11),
('2-915309-23-x', 11),
('2-915309-57-4', 11),
('2-915309-67-1', 11),
('2-915309-76-0', 11),
('2-915309-78-7', 11),
('978-2-350-78310-9', 11),
('978-2-350-78398-7', 11),
('978-2-350-78439-7', 11),
('978-2-350-78462-5', 11),
('978-2-350-78618-6', 11),
('978-2-350-78628-3', 11),
('978-2-350-78720-6', 11),
('978-2-8189-0037-6', 11),
('978-2-8189-0573-9', 11),
('978-2-8189-0708-5', 11),
('978-2-8189-2151-7', 11),
('978-2-8189-2492-1', 11),
('978-2-8189-3170-7', 11),
('2-205-00097-7', 12),
('2-205-00109-4', 12),
('2-205-00120-5', 12),
('2-205-00135-3', 12),
('2-205-00158-2', 12),
('2-205-00188-4', 12),
('2-205-00237-6', 12),
('2-205-00271-6', 12),
('2-205-00375-5', 12),
('2-205-00459-X', 12),
('2-205-00527-8', 12),
('2-205-04009-X', 13),
('2-205-04042-1', 13),
('2-205-04089-8', 13),
('2-205-04181-9', 13),
('2-205-04486-9', 13),
('2-205-04614-4', 13),
('2-205-04760-4', 13),
('2-205-04878-3', 13),
('2-205-05054-0', 13),
('2-208-04591-2', 13),
('2-8036-1017-5', 14),
('2-8036-1041-8', 14),
('2-8036-1098-1', 14),
('2-8036-1216-X', 14),
('2-8036-1242-9', 14),
('2-8036-1351-4', 14),
('2-8036-1386-7', 14),
('2-8036-1516-9', 14),
('2-8036-1570-3', 14),
('2-8036-1760-9', 14),
('2-8036-1773-0', 14),
('2-8036-1900-8', 14),
('2-8036-1994-6', 14),
('2-8036-2005-7', 14),
('2-8036-2154-1', 14),
('2-8036-2242-4', 14),
('978-2-8036-2382-2', 14),
('978-2-8036-2521-5', 14),
('978-2-8036-2648-9', 14),
('978-2-8036-2807-0', 14),
('2-8001-0028-1', 17),
('2-8036-1092-2', 17),
('978-2-8036-2118-7', 17),
('978-2-8036-2119-4', 17),
('978-2-8036-2173-6', 17),
('2-350-78119-4', 19),
('2-912715-12-1', 19),
('2-912715-24-5', 19),
('2-912715-32-6', 19),
('2-912715-51-2', 19),
('2-912715-90-3', 19),
('2-915309-15-9', 19),
('2-915309-70-1', 19),
('2-915309-71-X', 19),
('978-2-350-78296-6', 19),
('978-2-8036-3494-1', 19),
('978-2-8189-0699-6', 19),
('978-2-8189-2136-4', 19),
('978-2-8189-2531-7', 19),
('2-88471-106-6', 20),
('2-940144-15-X', 20),
('978-2-88471-237-8', 20),
('978-2-88471-253-8', 20),
('978-2-88471-275-0', 20),
('978-2-88471-294-1', 20),
('2-8001-2176-9', 25),
('2-8001-2215-3', 25),
('2-8001-2319-2', 25),
('2-8001-2447-4', 25),
('2-8001-2588-8', 25),
('2-8001-2768-6', 25),
('2-8001-2916-6', 25),
('2-8001-2956-5', 25),
('2-8001-3109-8', 25),
('2-8001-3258-2', 25),
('2-8001-3356-2', 25),
('2-8001-3511-5', 25),
('2-8001-3651-0', 25),
('2-8001-3804-1', 25),
('978-2-8001-3882-4', 25),
('978-2-8001-4034-6', 25),
('978-2-8001-4399-6', 25),
('978-2-8001-4692-8', 25),
('2-205-00096-9', 28),
('2-205-00110-8', 28),
('2-205-00121-3', 28),
('2-205-00134-5', 28),
('2-205-00146-9', 28),
('2-205-00157-4', 28),
('2-205-00170-1', 28),
('2-205-00185-X', 28),
('2-205-00190-6', 28),
('2-205-00228-7', 28),
('2-205-00230-9', 28),
('2-205-00268-6', 28),
('2-205-00306-2', 28),
('2-205-00320-8', 28),
('2-205-00336-4', 28),
('2-205-00374-7', 28),
('2-205-00394-1', 28),
('2-205-00417-4', 28),
('2-205-00458-1', 28),
('2-205-00502-2', 28),
('2-205-00516-2', 28),
('2-205-00583-9', 28),
('2-205-00600-2', 28),
('2-205-00645-2', 28),
('2-205-00650-9', 28),
('2-205-00694-0', 28),
('2-205-00833-1', 28),
('2-205-00896-X', 28),
('2-205-00921-4', 28),
('2-205-01150-2', 28),
('978-2-01-400100-6', 28),
('978-2-205-04055-5', 28),
('2-88257-012-0', 32),
('2-88257-017-1', 32),
('2-88257-020-1', 32),
('2-88257-023-6', 32),
('2-88257-031-7', 32),
('2-88257-037-6', 32),
('2-88257-042-2', 32),
('2-88257-051-1', 32),
('2-88257-053-8', 32),
('2-88257-062-7', 32),
('2-88257-065-1', 32),
('2-88257-072-4', 32),
('978-2-205-06653-1', 32),
('978-2-205-06820-7', 32),
('2-8001-1036-8', 34),
('2-8001-1078-3', 34),
('2-8001-1136-4', 34),
('2-8001-1264-6', 34),
('2-8001-1386-3', 34),
('2-8001-1420-7', 34),
('2-8001-1518-1', 34),
('2-8001-1619-6', 34),
('2-8001-1704-4', 34),
('2-8001-1727-3', 34),
('2-8001-1783-4', 34),
('2-8001-1837-7', 34),
('2-8001-1891-1', 34),
('2-8001-1926-8', 34),
('2-8001-1960-8', 34),
('2-8001-2007-X', 34),
('2-8001-2120-3', 34),
('2-8001-2139-4', 34),
('2-8001-2211-0', 34),
('2-8001-2394-X', 34),
('2-8001-2461-X', 34),
('2-8001-2767-8', 34),
('2-8001-2947-6', 34),
('2-8001-2961-1', 34),
('2-8001-3113-6', 34),
('2-8001-3292-2', 34),
('2-8001-3362-7', 34),
('978-2-8001-3859-6', 34),
('978-2-8001-4324-8', 34),
('978-2-8001-4707-9', 34),
('978-2-8001-5159-5', 34),
('2-205-04847-3', 36),
('978-2-7493-0517-2', 36),
('978-2-8001-4581-5', 37),
('978-2-8001-4582-2', 37),
('978-2-8001-4583-9', 37),
('978-2-8001-4584-6', 37),
('978-2-8001-4585-3', 37),
('978-2-8001-4586-0', 37),
('978-2-8001-4587-7', 37),
('978-2-8001-4588-4', 37),
('978-2-8001-4589-1', 37),
('978-2-8001-4590-7', 37),
('2-88471-016-7', 41),
('2-88471-106-6', 42),
('978-2-88471-237-8', 42),
('978-2-88471-253-8', 42),
('978-2-88471-275-0', 42),
('978-2-88471-294-1', 42),
('2-8001-3694-4', 45),
('2-8001-3844-0', 45),
('978-2-8001-4050-6', 45),
('2-205-04009-X', 51),
('2-205-04042-1', 51),
('2-205-04089-8', 51),
('2-205-04181-9', 51),
('2-205-04486-9', 51),
('2-205-04614-4', 51),
('2-205-04760-4', 51),
('2-205-04878-3', 51),
('2-205-05054-0', 51),
('2-208-04591-2', 51),
('2-350-78119-4', 51),
('2-912715-12-1', 51),
('2-912715-24-5', 51),
('2-912715-32-6', 51),
('2-912715-51-2', 51),
('2-912715-90-3', 51),
('2-915309-15-9', 51),
('2-915309-70-1', 51),
('2-915309-71-X', 51),
('978-2-350-78296-6', 51),
('978-2-8189-0699-6', 51),
('978-2-8189-2136-4', 51),
('978-2-8189-2531-7', 51),
('2-915309-12-4', 53),
('978-2-8036-2804-9', 53),
('978-2-8036-2805-6', 53),
('978-2-8036-3494-1', 53),
('2-8001-1036-8', 56),
('2-8001-1078-3', 56),
('2-8001-1136-4', 56),
('2-8001-1264-6', 56),
('2-8001-1386-3', 56),
('2-8001-1420-7', 56),
('2-8001-1518-1', 56),
('2-8001-1619-6', 56),
('2-8001-1704-4', 56),
('2-8001-1727-3', 56),
('2-8001-1783-4', 56),
('2-8001-1837-7', 56),
('2-8001-1891-1', 56),
('2-8001-1926-8', 56),
('2-8001-1960-8', 56),
('2-8001-2007-X', 56),
('2-8001-2120-3', 56),
('2-8001-2139-4', 56),
('2-8001-2211-0', 56),
('2-8001-2394-X', 56),
('2-8001-2461-X', 56),
('2-8001-2767-8', 56),
('2-8001-2947-6', 56),
('2-8001-2961-1', 56),
('2-8001-3113-6', 56),
('2-8001-3292-2', 56),
('2-8001-3362-7', 56),
('978-2-8001-3859-6', 56),
('978-2-8001-4324-8', 56),
('978-2-8001-4707-9', 56),
('978-2-8001-5159-5', 56),
('2-87097-043-9', 58),
('2-87097-059-5', 58),
('978-2-87097-115-4', 58),
('978-2-87097-118-5', 58),
('978-2-8001-4481-8', 59),
('978-2-8001-5064-2', 59),
('978-2-8001-5434-3', 59),
('2-87129-582-4', 60),
('2-87129-853-X', 60),
('2-7234-4577-1', 61),
('2-7234-4749-9', 61),
('2-7234-5488-6', 61),
('978-2-7234-6067-5', 61),
('978-2-7234-6716-2', 61),
('978-2-8189-3623-8', 224),
('978-2-7560-5020-1', 225),
('978-2-7560-5021-8', 225),
('978-2-7560-6807-7', 225),
('979-1-02-681071-1', 226),
('2-205-01142-1', 227),
('2-205-01193-6', 227),
('2-205-01448-X', 227),
('2-205-01676-8', 227),
('2-205-01743-8', 227),
('2-205-01906-6', 227),
('2-205-02335-7', 227),
('2-205-02472-8', 227),
('2-205-02508-2', 227),
('2-205-02653-4', 227),
('2-205-02690-9', 227),
('2-205-02914-2', 227),
('2-205-03120-1', 227),
('2-205-03215-1', 227),
('2-205-03340-9', 227),
('2-205-03416-2', 227),
('2-205-03608-4', 227),
('2-205-03910-5', 227),
('2-7434-1803-6', 227),
('2-8036-1401-4', 227),
('2-8036-1500-2', 227),
('2-8036-1596-7', 227),
('2-8036-1632-7', 227),
('2-8036-1744-7', 227),
('2-8036-1867-2', 227),
('2-8036-1958-x', 227),
('2-8036-1983-0', 227),
('2-8036-2062-1', 227),
('2-8036-2147-9', 227),
('2-88425-000-X', 227),
('2-88425-001-8', 227),
('2-88425-002-6', 227),
('2-88425-003-4', 227),
('2-88425-004-7', 227),
('2-88425-005-0', 227),
('2-88425-006-1', 227),
('2-88425-007-7', 227),
('2-88425-009-3', 227),
('2-88425-011-5', 227),
('2-88425-012-3', 227),
('2-88471-054-X', 227),
('2-940012-93-8', 227),
('2-940144-40-0', 227),
('2-940144-47-8', 227),
('978-2-8036-2251-1', 227),
('978-2-8036-2379-2', 227),
('978-2-8036-2507-9', 227),
('978-2-8036-2683-0', 227),
('978-2-8036-2796-7', 227),
('978-2-8036-2960-2', 227),
('978-2-8036-3108-7', 227),
('978-2-8036-3276-3', 227),
('978-2-8036-3412-5', 227),
('978-2-8036-3588-7', 227),
('979-1-02-681071-1', 228),
('978-2-365-77791-9', 229),
('978-2-365-77955-5', 229),
('978-2-365-77957-9', 229),
('978-2-365-77966-1', 229),
('979-1-02-681033-9', 229),
('978-2-350-78894-4', 233),
('978-2-350-78955-2', 233),
('978-2-8189-0035-2', 233),
('978-2-8189-0176-2', 233),
('978-2-8189-0697-2', 233),
('978-2-8189-0830-3', 233),
('978-2-8189-2224-8', 233),
('978-2-8189-2461-7', 233),
('978-2-8189-3367-1', 233),
('978-2-365-77960-9', 235),
('2-8094-3400-X', 236),
('2-8094-3661-4', 236),
('978-2-8094-3411-8', 236),
('978-2-8094-3527-6', 236),
('978-2-8094-3750-8', 236),
('978-2-8094-3768-3 ', 236),
('978-2-8094-3810-9', 236),
('978-2-8094-3923-6', 236),
('979-1-02-681028-5', 239),
('978-2-365-77791-9', 240),
('978-2-365-77955-5', 240),
('978-2-365-77957-9', 240),
('978-2-365-77966-1', 240),
('979-1-02-681033-9', 240),
('979-1-02-681028-5', 241),
('978-2-8036-7015-4', 243),
('9782803671588', 243),
('9782803672448', 243),
('9782803673025', 243),
('9782803674657', 243),
('9782803677948', 243),
('9782803679560', 243),
('9782808206419', 243),
('9782808206495', 243),
('978-2-203-02272-0', 244),
('978-2-203-03339-9', 244),
('978-2-203-06640-3', 244),
('978-2-203-09648-6', 244),
('2-88471-016-7', 245),
('2-88471-054-X', 245),
('2-940012-93-8', 245),
('2-940144-15-X', 245),
('2-940144-40-0', 245),
('2-940144-47-8', 245),
('978-2-8001-4481-8', 246),
('978-2-8001-5064-2', 246),
('978-2-8001-5434-3', 246),
('2-205-01142-1', 247),
('2-205-01193-6', 247),
('2-205-01448-X', 247),
('2-205-01676-8', 247),
('2-205-01743-8', 247),
('2-205-01906-6', 247),
('2-205-02335-7', 247),
('2-205-02472-8', 247),
('2-205-02508-2', 247),
('2-205-02653-4', 247),
('2-205-02690-9', 247),
('2-205-02914-2', 247),
('2-205-03120-1', 247),
('2-205-03215-1', 247),
('2-205-03340-9', 247),
('2-205-03416-2', 247),
('2-205-03608-4', 247),
('2-205-03910-5', 247),
('2-7434-1803-6', 247),
('2-8036-1401-4', 247),
('2-8036-1500-2', 247),
('2-8036-1596-7', 247),
('2-8036-1632-7', 247),
('2-8036-1744-7', 247),
('2-8036-1867-2', 247),
('2-8036-1958-x', 247),
('2-8036-1983-0', 247),
('2-8036-2062-1', 247),
('2-8036-2147-9', 247),
('2-88425-000-X', 247),
('2-88425-001-8', 247),
('2-88425-002-6', 247),
('2-88425-003-4', 247),
('2-88425-004-7', 247),
('2-88425-005-0', 247),
('2-88425-006-1', 247),
('2-88425-007-7', 247),
('2-88425-009-3', 247),
('2-88425-011-5', 247),
('2-88425-012-3', 247),
('978-2-8036-2251-1', 247),
('978-2-8036-2379-2', 247),
('978-2-8036-2507-9', 247),
('978-2-8036-2683-0', 247),
('978-2-8036-2796-7', 247),
('978-2-8036-2960-2', 247),
('978-2-8036-3108-7', 247),
('978-2-8036-3276-3', 247),
('978-2-8036-3412-5', 247),
('978-2-8036-3588-7', 247),
('978-2-8036-7015-4', 247),
('9782803671588', 247),
('9782803672448', 247),
('9782803673025', 247),
('9782803674657', 247),
('9782803677948', 247),
('9782803679560', 247),
('9782808206419', 247),
('9782808206495', 247),
('978-2-8189-3623-8', 248),
('978-2-350-78894-4', 249),
('978-2-350-78955-2', 249),
('978-2-8189-0035-2', 249),
('978-2-8189-0176-2', 249),
('978-2-8189-0697-2', 249),
('978-2-8189-0830-3', 249),
('978-2-8189-2224-8', 249),
('978-2-8189-2461-7', 249),
('978-2-8189-3367-1', 249),
('2-8094-3400-X', 271),
('2-8094-3661-4', 271),
('978-2-8094-3411-8', 271),
('978-2-8094-3527-6', 271),
('978-2-8094-3750-8', 271),
('978-2-8094-3768-3 ', 271),
('978-2-8094-3810-9', 271),
('978-2-8094-3923-6', 271),
('978-2-365-77960-9', 272),
('978-2-365-77791-9', 274),
('978-2-365-77955-5', 274),
('978-2-365-77957-9', 274),
('978-2-365-77966-1', 274),
('979-1-02-681033-9', 274),
('978-2-7560-5020-1', 275),
('978-2-7560-5021-8', 275),
('978-2-7560-6807-7', 275),
('978-2-918-67402-3', 276),
('979-1-02-681028-5', 279),
('978-2-365-77791-9', 280),
('978-2-365-77955-5', 280),
('978-2-365-77957-9', 280),
('978-2-365-77966-1', 280),
('979-1-02-681033-9', 280),
('978-2-365-77960-9', 281),
('979-1-02-681071-1', 282),
('978-2-87097-118-5', 284),
('978-2-87097-189-5', 284),
('978-2-8036-2804-9', 285),
('2-87097-043-9', 286),
('2-87097-059-5', 286),
('978-2-87097-115-4', 286),
('2-9502211-6-5', 288),
('2-8036-2005-7', 289),
('2-8036-2154-1', 289),
('978-2-302-02098-6 ', 290),
('978-2-302-02250-8', 290),
('978-2-302-02511-0', 290),
('978-2-302-02776-3', 290),
('978-2-302-03726-7', 290),
('978-2-302-04102-8', 290),
('978-2-302-04493-7', 290),
('978-2-302-06902-2', 290),
('978-2-8189-0038-3', 290),
('978-2-8189-0711-5', 290),
('2-7316-1015-8', 291),
('2-7316-1072-7', 291),
('2-87142-018-1', 291),
('2-88302-031-0', 291),
('2-88302-032-9', 291),
('3-7316-0909-5', 291),
('978-2-88890-658-2', 291),
('2-87129-582-4', 292),
('2-87129-853-X', 292),
('978-2-8036-2394-5', 293),
('978-2-8036-2527-7', 293),
('978-2-8036-2633-5', 293),
('978-2-8036-2826-1', 293),
('2-8036-2242-4', 294),
('2-87097-015-3', 295),
('2-87097-016-1', 295),
('2-87097-017-X', 295),
('2-87097-020-X', 295),
('2-87097-025-0', 295),
('2-84565-142-2', 296),
('2-84565-127-9', 297),
('2-84565-128-7', 297),
('2-84565-142-2', 297),
('2-84565-154-6', 297),
('2-84565-164-3', 297),
('2-84565-205-4', 297),
('978-2-87097-189-5', 298),
('2-8036-1041-8', 299),
('2-205-00237-6', 300),
('2-205-00271-6', 300),
('2-205-00459-X', 300),
('2-205-00527-8', 300),
('2-84565-127-9', 301),
('2-84565-128-7', 301),
('2-84565-154-6', 301),
('2-84565-164-3', 301),
('2-84565-205-4', 301),
('2-205-05126-1', 303),
('2-205-00097-7', 304),
('2-205-00109-4', 304),
('2-205-00120-5', 304),
('2-205-00135-3', 304),
('2-205-00158-2', 304),
('2-205-00188-4', 304),
('2-205-00375-5', 304),
('978-2-8189-0038-3', 305),
('978-2-8189-0711-5', 305),
('2-88471-106-6', 306),
('978-2-88471-237-8', 306),
('978-2-88471-253-8', 306),
('978-2-88471-275-0', 306),
('978-2-88471-294-1', 306),
('978-2-8036-3052-3', 307),
('2-87097-052-8', 308),
('2-87097-066-8', 308),
('2-87097-068-4', 308),
('978-2-87097-087-4', 308),
('978-2-87097-164-2', 308),
('2-8001-0754-5', 309),
('2-8001-0914-9', 309),
('2-8001-0970-X', 309),
('2-8001-1015-5', 309),
('2-8001-1126-7', 309),
('2-8001-1259-X', 309),
('2-8001-1438-X', 309),
('2-8001-1537-8', 309),
('2-8001-1582-3', 309),
('2-8001-1616-1', 309),
('2-8001-1676-5', 309),
('2-8001-1768-0', 309),
('2-8001-1868-7', 309),
('2-8001-1941-1', 309),
('2-8001-2036-3', 309),
('2-8001-2123-8', 309),
('2-8001-2224-2', 309),
('2-8001-2341-9', 309),
('2-8001-2462-8', 309),
('2-8001-2650-1', 309),
('2-8001-2786-4', 309),
('2-8001-3096-2', 309),
('2-8001-3261-2', 309),
('2-8001-3610-3', 309),
('2-8001-3696-0', 309),
('978-2-8001-3918-0', 309),
('978-2-8001-4599-0', 309),
('978-2-8001-4756-7', 309),
('978-2-8001-5992-8', 309),
('2-8001-0426-0', 310),
('2-8001-0459-7', 310),
('2-8001-0491-0', 310),
('2-8001-0529-1', 310),
('2-8001-0559-3', 310),
('2-8001-0584-4', 310),
('2-8001-0627-1', 310),
('2-8001-0651-4', 310),
('2-8001-0692-1', 310),
('2-7316-1015-8', 311),
('2-7316-1072-7', 311),
('2-87142-018-1', 311),
('2-88302-031-0', 311),
('2-88302-032-9', 311),
('3-7316-0909-5', 311),
('978-2-88890-658-2', 311),
('978-2-302-01743-6', 313),
('978-2-302-02411-3', 313),
('2-8036-1098-1', 314),
('2-8036-1216-X', 314),
('2-8036-1351-4', 314),
('2-8036-1516-9', 314),
('2-8036-1900-8', 314),
('2-205-00459-X', 315),
('2-205-00527-8', 315),
('2-8001-1242-5', 316),
('2-8001-1431-2', 316),
('2-8001-1514-9', 316),
('978-2-203-02272-0', 317),
('978-2-203-03339-9', 317),
('978-2-203-06640-3', 317),
('978-2-203-09648-6', 317),
('2-8036-1017-5', 318),
('2-8036-1098-1', 318),
('2-8036-1216-X', 318),
('2-8036-1351-4', 318),
('2-8036-1900-8', 318),
('2-8036-2005-7', 318),
('2-8036-2154-1', 318),
('2-205-00271-6', 319),
('978-2-7493-0607-4', 320),
('978-2-205-06247-2', 321),
('2-350-78103-8', 322),
('978-2-350-78323-9', 322),
('978-2-350-78471-7', 322),
('978-2-350-78721-3', 322),
('2-350-78003-1', 323),
('2-350-78115-1', 323),
('2-915309-12-4', 323),
('978-2-350-78298-0', 323),
('978-2-8189-2663-5', 323),
('2-908462-58-3', 324),
('2-908462-46-X', 325),
('2-908462-58-3', 325),
('2-8001-0256-X', 326),
('2-8001-0310-8', 326),
('2-8001-0333-7', 326),
('2-8001-0364-7', 326),
('2-8001-0500-3', 326),
('2-8001-0501-1', 326),
('2-8001-0858-4', 326),
('2-87097-052-8', 327),
('2-87097-066-8', 327),
('2-87097-068-4', 327),
('978-2-87097-087-4', 327),
('978-2-87097-164-2', 327),
('2-205-00228-7', 328),
('2-205-00306-2', 328),
('2-205-00374-7', 328),
('2-205-00417-4', 328),
('2-205-00502-2', 328),
('2-205-00583-9', 328),
('2-205-00645-2', 328),
('978-2-205-04055-5', 328),
('2-350-78103-8', 329),
('978-2-350-78323-9', 329),
('978-2-350-78471-7', 329),
('978-2-350-78721-3', 329),
('2-84055-351-1', 330),
('2-84055-455-0', 330),
('2-84055-656-1', 330),
('2-84055-928-5', 330),
('978-2-205-05202-2', 330),
('978-2-205-06036-2', 330),
('978-2-413-00028-0', 330),
('978-2-7560-1319-0', 330),
('978-2-365-77960-9', 331),
('2-205-04847-3', 332),
('2-205-04914-3', 332),
('2-205-04959-3', 332),
('2-88257-012-0', 332),
('2-88257-017-1', 332),
('2-88257-020-1', 332),
('2-88257-023-6', 332),
('2-88257-031-7', 332),
('2-88257-037-6', 332),
('2-88257-042-2', 332),
('2-88257-051-1', 332),
('2-88257-053-8', 332),
('2-88257-062-7', 332),
('2-88257-065-1', 332),
('2-88257-072-4', 332),
('978-2-205-06653-1', 332),
('978-2-205-06820-7', 332),
('978-2-918-67402-3', 334),
('2-350-78103-8', 336),
('978-2-350-78323-9', 336),
('978-2-350-78471-7', 336),
('978-2-350-78721-3', 336),
('2-87129-582-4', 337),
('2-87129-853-X', 337),
('978-2-302-01743-6', 339),
('978-2-302-02411-3', 339),
('2-8001-1636-6', 341),
('2-8001-1673-0', 341),
('2-8001-1739-7', 341),
('2-8001-1816-4', 341),
('2-8001-1905-5', 341),
('2-8001-1990-X', 341),
('2-8001-2092-4', 341),
('2-8001-2171-8', 341),
('2-8001-2228-5', 341),
('2-8001-2338-9', 341),
('2-8001-2455-5', 341),
('2-8001-2596-9', 341),
('2-8001-2777-5', 341),
('2-8001-2949-2', 341),
('2-8001-3102-0', 341),
('2-8001-3247-7', 341),
('2-8001-3262-0', 341),
('2-8001-3353-8', 341),
('2-8001-3516-6', 341),
('2-8001-3697-9', 341),
('2-8001-3860-2', 341),
('978-2-8001-4018-6', 341),
('978-2-8001-4377-4', 341),
('978-2-8001-4646-1', 341),
('978-2-8001-4852-6', 341),
('978-2-8001-5194-6', 341),
('978-2-8189-2136-4', 342),
('978-2-8189-2531-7', 342),
('2-8001-1034-1', 343),
('2-8001-1747-8', 343),
('2-8001-1780-X', 343),
('2-8001-1839-3', 343),
('2-8001-1940-3', 343),
('2-930110-23-6', 343),
('978-2-7234-9982-8', 344),
('978-2-930618-21-0', 344),
('978-2-930618-45-6', 344),
('2-8001-0977-7', 345),
('2-8001-0994-7', 345),
('2-8001-1023-6', 345),
('978-2-7234-9982-8', 346),
('978-2-930618-21-0', 346),
('978-2-930618-45-6', 346),
('2-350-78106-2', 347),
('2-912715-54-7', 347),
('2-912715-92-x', 347),
('2-915309-23-x', 347),
('2-915309-76-0', 347),
('978-2-350-78310-9', 347),
('978-2-350-78398-7', 347),
('978-2-350-78462-5', 347),
('978-2-350-78720-6', 347),
('978-2-8189-0037-6', 347),
('978-2-8189-0708-5', 347),
('978-2-8189-2151-7', 347),
('978-2-8189-2492-1', 347),
('978-2-8189-3170-7', 347),
('2-205-01033-6', 348),
('978-2-8036-2118-7', 350),
('978-2-8036-2119-4', 350),
('978-2-8036-2173-6', 350),
('2-9502211-6-5', 351),
('978-2-8001-4050-6', 351),
('2-84055-351-1', 356),
('2-84055-455-0', 356),
('2-84055-656-1', 356),
('2-84055-928-5', 356),
('978-2-413-00028-0', 356),
('978-2-7560-1319-0', 356),
('978-2-413-00775-3', 359),
('978-2-413-00775-3', 360),
('978-2-302-02098-6 ', 362),
('978-2-302-02250-8', 362),
('978-2-302-02511-0', 362),
('978-2-302-02776-3', 362),
('978-2-302-03726-7', 362),
('978-2-302-04102-8', 362),
('978-2-302-04493-7', 362),
('978-2-302-06902-2', 362),
('9782205071979', 365),
('9782205072396', 365),
('9782205073812', 365),
('9782205072396', 366),
('9782344059357', 366);

-- --------------------------------------------------------

--
-- Structure de la table `editeur`
--

DROP TABLE IF EXISTS `editeur`;
CREATE TABLE IF NOT EXISTS `editeur` (
  `id_editeur` int NOT NULL AUTO_INCREMENT,
  `nom_editeur` varchar(40) CHARACTER SET utf8mb3 COLLATE utf8mb3_bin NOT NULL,
  `cp_editeur` varchar(11) CHARACTER SET utf8mb3 COLLATE utf8mb3_bin DEFAULT NULL,
  `rue_editeur` varchar(60) CHARACTER SET utf8mb3 COLLATE utf8mb3_bin DEFAULT NULL,
  `ville_editeur` varchar(50) CHARACTER SET utf8mb3 COLLATE utf8mb3_bin DEFAULT NULL,
  `annéeCreation_editeur` int DEFAULT NULL,
  `mail_editeur` varchar(50) CHARACTER SET utf8mb3 COLLATE utf8mb3_bin DEFAULT NULL,
  `tel_editeur` varchar(11) CHARACTER SET utf8mb3 COLLATE utf8mb3_bin DEFAULT NULL,
  `fax_editeur` varchar(11) CHARACTER SET utf8mb3 COLLATE utf8mb3_bin DEFAULT NULL,
  PRIMARY KEY (`id_editeur`)
) ENGINE=InnoDB AUTO_INCREMENT=28 DEFAULT CHARSET=utf8mb3 COLLATE=utf8mb3_bin;

--
-- Déchargement des données de la table `editeur`
--

INSERT INTO `editeur` (`id_editeur`, `nom_editeur`, `cp_editeur`, `rue_editeur`, `ville_editeur`, `annéeCreation_editeur`, `mail_editeur`, `tel_editeur`, `fax_editeur`) VALUES
(1, 'Albert René', '75116', '26 avenue victor hugo', 'Paris', 1979, NULL, '0145004141', '0140679512'),
(2, 'Alpen publishers', NULL, NULL, NULL, 1881, NULL, NULL, NULL),
(3, 'Appro éditions', NULL, NULL, 'Lausanne', NULL, NULL, NULL, NULL),
(4, 'Bamboo', '71012', '116 rue des jonchères', 'Charnay les macon', 1997, 'bamboo-diffusion@bamboodif.fr', '0385349909', '0385344755'),
(5, 'Blake et Mortimer éditions', '75018', '15-27 rue Moussorgski', 'Paris', 2008, NULL, '0153263232', NULL),
(6, 'Dargaud', '75018', '15 rue moussorgski', 'Paris', 1936, 'Boutique.Dargaud@mdsfrance.fr', '0153263232', '0153263200'),
(7, 'Delcourt', '75010', '8 rue Léon Jouhaux   ', 'PARIS', 1986, NULL, NULL, NULL),
(8, 'Dupuis', '75895', '15-17 rue Moussorgski', 'Marseille', 1922, 'boutique@dupuis.com', '0170385600', '0170385601'),
(9, 'Editions du miroir', '03170', '15 impasse des Grives ', 'Montvicq', 2004, NULL, '0677968386', NULL),
(10, 'Glénat Bd', '38000', '37rue Servan', 'Grenoble', 1972, 'glenat-edition@glenat.com', '0476887575', '0476887570'),
(11, 'Hachette', '75905', '43 quai de Grenelle', 'Paris', 1826, 'Hachette@hotmail.fr', '0143923000', '0143923111'),
(12, 'Kana', '71060', '6 Avenue Paul Henri Spaak ', 'Bruxelles', 1966, 'boutique.kana@mdsfrance.fr', NULL, NULL),
(13, 'Komikku Editions', '60560', '46 rue de Montgrésin', 'Orry La Ville', 2012, NULL, NULL, NULL),
(14, 'Le Lombard', '75018', '15-27 rue Moussorgski', 'Paris', 1946, NULL, '0153263232', '0153263200'),
(15, 'Loup-Hibou', '1200', '36 rue théodore de cuyper', 'Bruxelles', NULL, NULL, '00324753418', '0'),
(16, 'Mad Fabrik', '1380', '431 Lasne Office Park', 'Lasne', 2010, NULL, '023573328', '023573322'),
(17, 'Marsu Production', '75018', '15-27 rue Moussorgski', 'Paris', 2007, 'marsuproduction@marsu.fr', '0205214802', '0205214827'),
(18, 'Nakarmaz', '95000', '1 mail gay-lussac  ', 'Neuville sur oise', NULL, NULL, NULL, NULL),
(19, 'Panini Comics', '6205', 'Av. Emmanuel Pontremoli  ', 'Nice', NULL, NULL, NULL, NULL),
(20, 'Paquet editions SArl', NULL, NULL, 'Genève - Suisse', NULL, NULL, '0177455221', NULL),
(21, 'Point image', '78121', '10 Clos Saint Mathurin', 'Crespières', 1994, NULL, '0134590758', '0134590760'),
(22, 'Soleils Editions', '83107', '44 rue Baudin', 'Toulon', 1989, NULL, '0156039220', NULL),
(23, 'Topinambour', '02200', '40, avenue de Reims', 'Soissons', NULL, 'pl_tina@yahoo.com', '0323745981', '0'),
(24, 'Urban Comics', '75018', '15/27 rue Moussorgski  ', 'Paris', 2012, NULL, NULL, NULL),
(25, 'Vents d\'ouest', '38000', '37rue Servan', 'Grenoble', 1981, NULL, NULL, NULL),
(26, 'Z\'éditions', '06000', '6 rue Lycee', 'Nice', 1983, NULL, '0899184603', '0899184937'),
(27, 'Casterman Editions', '1000', 'Cantersteen 47', 'Bruxelles', 1780, NULL, NULL, NULL);

-- --------------------------------------------------------

--
-- Structure de la table `festival`
--

DROP TABLE IF EXISTS `festival`;
CREATE TABLE IF NOT EXISTS `festival` (
  `annee` int NOT NULL,
  `dateDebut` date NOT NULL,
  `dateFin` date NOT NULL,
  PRIMARY KEY (`annee`)
) ENGINE=InnoDB DEFAULT CHARSET=utf8mb3 COLLATE=utf8mb3_bin;

--
-- Déchargement des données de la table `festival`
--

INSERT INTO `festival` (`annee`, `dateDebut`, `dateFin`) VALUES
(2024, '2024-06-21', '2024-06-23'),
(2025, '2025-06-20', '2025-06-22');

-- --------------------------------------------------------

--
-- Structure de la table `livre`
--

DROP TABLE IF EXISTS `livre`;
CREATE TABLE IF NOT EXISTS `livre` (
  `isbn_livre` varchar(18) CHARACTER SET utf8mb3 COLLATE utf8mb3_bin NOT NULL,
  `titre_livre` varchar(100) CHARACTER SET utf8mb3 COLLATE utf8mb3_bin NOT NULL,
  `numTome_livre` varchar(10) CHARACTER SET utf8mb3 COLLATE utf8mb3_bin NOT NULL,
  `format_livre` varchar(60) CHARACTER SET utf8mb3 COLLATE utf8mb3_bin NOT NULL,
  `image_livre` varchar(100) CHARACTER SET utf8mb3 COLLATE utf8mb3_bin NOT NULL,
  `nbPages_livre` int NOT NULL,
  `dateParution_livre` varchar(7) CHARACTER SET utf8mb3 COLLATE utf8mb3_bin NOT NULL,
  `commentaire_livre` text CHARACTER SET utf8mb3 COLLATE utf8mb3_bin NOT NULL,
  `couleur_livre` varchar(25) CHARACTER SET utf8mb3 COLLATE utf8mb3_bin NOT NULL,
  `serie_id` int NOT NULL,
  `editeur_id` int NOT NULL,
  PRIMARY KEY (`isbn_livre`),
  KEY `id_serie` (`serie_id`),
  KEY `id_editeur` (`editeur_id`)
) ENGINE=InnoDB DEFAULT CHARSET=utf8mb3 COLLATE=utf8mb3_bin;

--
-- Déchargement des données de la table `livre`
--

INSERT INTO `livre` (`isbn_livre`, `titre_livre`, `numTome_livre`, `format_livre`, `image_livre`, `nbPages_livre`, `dateParution_livre`, `commentaire_livre`, `couleur_livre`, `serie_id`, `editeur_id`) VALUES
('', 'La menace Krostons', '0', 'normal', '37_0', 44, '01/1972', '', 'Couleur', 37, 8),
('2-205-00096-9', 'Asterix le Gaulois', '1', 'normal', '5_1', 44, '07/1961', '', 'Couleur', 5, 11),
('2-205-00097-7', 'Le démon des Caraïbes', '1', 'normal', '7_1', 140, '07/1992', '', 'Couleur', 7, 6),
('2-205-00109-4', 'Le capitaine sans nom', '2', 'normal', '7_2', 156, '12/1992', '', 'Couleur', 7, 6),
('2-205-00110-8', 'La Serpe d\'Or', '2', 'normal', '5_2', 42, '07/1962', '', 'Couleur', 5, 11),
('2-205-00120-5', 'Le vaisseau fantôme', '3', 'normal', '7_3', 160, '07/1993', '', 'Couleur', 7, 6),
('2-205-00121-3', 'Asterix et les Goths', '3', 'normal', '5_3', 47, '07/1963', '', 'Couleur', 5, 11),
('2-205-00134-5', 'Asterix Gladiateur', '4', 'normal', '5_4', 44, '07/1964', '', 'Couleur', 5, 11),
('2-205-00135-3', 'La fin du faucon noir', '4', 'normal', '7_4', 156, '06/1994', '', 'Couleur', 7, 6),
('2-205-00146-9', 'Le Tour de Gaule d\'asterix', '5', 'normal', '5_5', 44, '01/1965', '', 'Couleur', 5, 11),
('2-205-00157-4', 'Asterix et Cléopatre', '6', 'normal', '5_6', 44, '07/1965', '', 'Couleur', 5, 11),
('2-205-00158-2', 'Le pirate sans visage', '5', 'normal', '7_5', 152, '06/1995', '', 'Couleur', 7, 6),
('2-205-00170-1', 'Le Combat des chefs', '7', 'normal', '5_7', 44, '01/1966', '', 'Couleur', 5, 11),
('2-205-00173-6', 'Cerveau choc', '1', 'normal', '2_1', 44, '01/1966', '', 'Couleur', 2, 6),
('2-205-00185-X', 'Asterix chez les Bretons', '8', 'normal', '5_8', 44, '07/1966', '', 'Couleur', 5, 11),
('2-205-00188-4', 'La captive des Mores', '6', 'normal', '7_6', 144, '07/1996', '', 'Couleur', 7, 6),
('2-205-00190-6', 'Asterix chez les Normands', '9', 'normal', '5_9', 44, '10/1966', '', 'Couleur', 5, 11),
('2-205-00225-2', 'Achille Talon aggrave son cas', '2', 'normal', '2_2', 44, '07/1967', '', 'Couleur', 2, 6),
('2-205-00228-7', 'Les Complots d\'Iznogoud', '2', 'normal', '33_2', 48, '07/1967', '', 'Couleur', 33, 6),
('2-205-00230-9', 'Asterix Legionnaire', '10', 'normal', '5_10', 44, '07/1967', '', 'Couleur', 5, 11),
('2-205-00237-6', 'Les disparus du Faucon Noir', '7', 'normal', '7_7', 144, '06/1997', '', 'Couleur', 7, 6),
('2-205-00268-6', 'Le Bouclier Arverne', '11', 'normal', '5_11', 44, '01/1968', '', 'Couleur', 5, 11),
('2-205-00271-6', 'La cité de la mort', '8', 'normal', '7_8', 144, '07/1998', '', 'Couleur', 7, 6),
('2-205-00306-2', 'Iznogoud et les vacances du Calife', '3', 'normal', '33_3', 48, '07/1968', '', 'Couleur', 33, 6),
('2-205-00320-8', 'Asterix aux jeux Olympiques', '12', 'normal', '5_12', 44, '07/1968', '', 'Couleur', 5, 11),
('2-205-00336-4', 'Asterix et le chaudron', '13', 'normal', '5_13', 44, '01/1969', '', 'Couleur', 5, 11),
('2-205-00373-9', 'Achille Talon persiste et signe', '3', 'normal', '2_3', 44, '07/1969', '', 'Couleur', 2, 6),
('2-205-00374-7', 'Iznogoud l\'infâme', '4', 'normal', '33_4', 46, '04/1969', '', 'Couleur', 33, 6),
('2-205-00375-5', 'Les révoltés de la Jamaïque', '9', 'normal', '7_9', 124, '06/1999', '', 'Couleur', 7, 6),
('2-205-00394-1', 'Asterix en Hispanie', '14', 'normal', '5_14', 44, '10/1969', '', 'Couleur', 5, 11),
('2-205-00417-4', 'Des astres pour Iznogoud', '5', 'normal', '33_5', 40, '10/1969', '', 'Couleur', 33, 6),
('2-205-00458-1', 'La Zizanie', '15', 'normal', '5_15', 44, '04/1970', '', 'Couleur', 5, 11),
('2-205-00459-X', 'Pirates en mer des Indes', '10', 'normal', '7_10', 138, '06/2000', '', 'Couleur', 7, 6),
('2-205-00502-2', 'Iznogoud et l\'ordinateur magique', '6', 'normal', '33_6', 40, '10/1970', '', 'Couleur', 33, 6),
('2-205-00505-7', 'Achille Talon mon fils à moi !', '4', 'normal', '2_4', 44, '07/1970', '', 'Couleur', 2, 6),
('2-205-00516-2', 'Asterix chez les Helvètes', '16', 'normal', '5_16', 44, '10/1970', '', 'Couleur', 5, 11),
('2-205-00527-8', 'La guerre des pirates', '11', 'normal', '7_11', 138, '07/2001', '', 'Couleur', 7, 6),
('2-205-00583-9', 'Une Carotte pour Iznogoud', '7', 'normal', '33_7', 40, '10/1971', '', 'Couleur', 33, 6),
('2-205-00584-7', 'Achille Talon l\'indispensable', '5', 'normal', '2_5', 45, '10/1971', '', 'Couleur', 2, 6),
('2-205-00600-2', 'Les Lauriers de Cesar', '18', 'normal', '5_18', 44, '01/1972', '', 'Couleur', 5, 11),
('2-205-00641-X', 'Achille Talon au pouvoir', '6', 'normal', '2_6', 45, '07/1972', '', 'Couleur', 2, 6),
('2-205-00645-2', 'Jour des fous', '8', 'normal', '33_8', 44, '07/1972', '', 'Couleur', 33, 6),
('2-205-00650-9', 'Le Devin', '19', 'normal', '5_19', 44, '10/1972', '', 'Couleur', 5, 11),
('2-205-00656-8', 'Achille Talon les insolences', '7', 'normal', '2_7', 46, '01/1973', '', 'Couleur', 2, 6),
('2-205-00694-0', 'Asterix en Corse', '20', 'normal', '5_20', 44, '04/1973', '', 'Couleur', 5, 11),
('2-205-00697-5', 'Achille Talon méprise l\'obstacle', '8', 'normal', '2_8', 45, '10/1973', '', 'Couleur', 2, 6),
('2-205-00753-X', 'Achille Talon les petites desseins', '9', 'normal', '2_9', 45, '01/1974', '', 'Couleur', 2, 6),
('2-205-00831-5', 'Achille Talon le roi de la science-dicti', '10', 'normal', '2_10', 45, '07/1974', '', 'Couleur', 2, 6),
('2-205-00833-1', 'Le Cadeau de Cesar', '21', 'normal', '5_21', 44, '07/1974', '', 'Couleur', 5, 11),
('2-205-00863-3', 'Achille Talon brave et honnête', '11', 'normal', '2_11', 45, '01/1975', '', 'Couleur', 2, 6),
('2-205-00878-1', 'Pas de pitié pour Achille Talon', '13', 'normal', '2_13', 45, '01/1976', '', 'Couleur', 2, 6),
('2-205-00896-X', 'La Grande Traversée', '22', 'normal', '5_22', 44, '04/1975', '', 'Couleur', 5, 11),
('2-205-00904-4', 'Achille Talon au coin du feu', '12', 'normal', '2_12', 45, '04/1975', '', 'Couleur', 2, 6),
('2-205-00921-4', 'Obelix et Compagnie', '23', 'normal', '5_23', 44, '04/1976', '', 'Couleur', 5, 11),
('2-205-01024-7', 'Achille Talon et le mystère de l\'homme à', '14', 'normal', '2_14', 45, '01/1976', '', 'Couleur', 2, 6),
('2-205-01033-6', 'Achille Talon et le quadrumane optimiste', '15', 'normal', '2_15', 45, '10/1976', '', 'Couleur', 2, 6),
('2-205-01040-9', 'Achille Talon et le trésor de Virgule', '16', 'normal', '2_16', 45, '01/1977', '', 'Couleur', 2, 6),
('2-205-01132-4', 'Le Roi des Zêtres', '17', 'normal', '2_17', 45, '04/1977', '', 'Couleur', 2, 6),
('2-205-01142-1', 'Léonard est un génie', '1', 'normal', '39_1', 48, '01/1977', '', 'Couleur', 39, 14),
('2-205-01143-X', 'Achille Talon et le coquin de sort', '18', 'normal', '2_18', 45, '07/1977', '', 'Couleur', 2, 6),
('2-205-01150-2', 'Asterix Chez les Belges', '24', 'normal', '5_24', 44, '01/1979', '', 'Couleur', 5, 11),
('2-205-01191-X', 'Achille Talon et le grain de la folie', '19', 'normal', '2_19', 46, '01/1978', '', 'Couleur', 2, 6),
('2-205-01193-6', 'Léonard est toujours un génie !', '2', 'normal', '39_2', 46, '01/1978', '', 'Couleur', 39, 14),
('2-205-01195-2', 'Viva Papa !', '20', 'normal', '2_20', 46, '04/1978', '', 'Couleur', 2, 6),
('2-205-01227-4', 'Cubitus du meilleur tonneau', '1', 'normal', '22_1', 46, '02/1978', '', 'Couleur', 22, 14),
('2-205-01235-5', 'Ma vie à moi', '21', 'normal', '2_21', 46, '10/1978', '', 'Couleur', 2, 6),
('2-205-01448-X', 'Léonard c\'est un quoi déjà ?', '3', 'normal', '39_3', 48, '10/1979', '', 'Couleur', 39, 14),
('2-205-01488-9', 'Le Sort s\'acharne sur Achille Talon ', '22', 'normal', '2_22', 46, '01/1979', '', 'Couleur', 2, 6),
('2-205-01573-7', 'Achille Talon et la main du serpent', '23', 'normal', '2_23', 45, '07/1979', '', 'Couleur', 2, 6),
('2-205-01675-X', 'Achille Talon et l\'âge ingrat', '24', 'normal', '2_24', 45, '01/1980', '', 'Couleur', 2, 6),
('2-205-01676-8', 'Léonard Hi-Fi génie', '4', 'normal', '39_4', 46, '01/1980', '', 'Couleur', 39, 14),
('2-205-01701-2', 'Achille Talon et l\'esprit d\'Eloi', '25', 'normal', '2_25', 45, '04/1980', '', 'Couleur', 2, 6),
('2-205-01710-1', 'Achille Talon et l\'arme du crocodile', '26', 'normal', '2_26', 45, '10/1980', '', 'Couleur', 2, 6),
('2-205-01743-8', 'Génie en balade', '6', 'normal', '39_6', 46, '01/1982', '', 'Couleur', 39, 14),
('2-205-01818-3', 'Ne rêvons pas !', '27', 'normal', '2_27', 45, '01/1981', '', 'Couleur', 2, 6),
('2-205-01903-1', 'L\'Insubmersible Achille Talon', '28', 'normal', '2_28', 45, '04/1981', '', 'Couleur', 2, 6),
('2-205-01906-6', 'Léonard génie à toute heure', '5', 'normal', '39_5', 46, '10/1981', '', 'Couleur', 39, 14),
('2-205-01924-4', 'Achille Talon et la loi du bidouble', '29', 'normal', '2_29', 45, '10/1981', '', 'Couleur', 2, 6),
('2-205-02189-3', 'Achille Talon a un gros nez', '30', 'normal', '2_30', 45, '03/1982', '', 'Couleur', 2, 6),
('2-205-02231-8', 'Il n\'y a (dieu merci) qu\'un seul Achille', '31', 'normal', '2_31', 45, '05/1982', '', 'Couleur', 2, 6),
('2-205-02251-2', 'Achille Talon et la traversée du disert ', '32', 'normal', '2_32', 45, '11/1982', '', 'Couleur', 2, 6),
('2-205-02335-7', 'Y a-t-il un génie dans la salle ?', '7', 'normal', '39_7', 46, '06/1982', '', 'Couleur', 39, 14),
('2-205-02431-0', 'Achille Talon et la vie secrète du journ', '33', 'normal', '2_33', 45, '02/1983', '', 'Couleur', 2, 6),
('2-205-02472-8', 'Génie civil', '9', 'normal', '39_9', 46, '05/1983', '', 'Couleur', 39, 14),
('2-205-02508-2', 'La Guerre des génies', '10', 'normal', '39_10', 46, '10/1983', '', 'Couleur', 39, 14),
('2-205-02512-0', 'L\'Incorrigible Achille Talon ', '34', 'normal', '2_34', 45, '11/1983', '', 'Couleur', 2, 6),
('2-205-02566-X', 'Achille Talon ... à bout portant! ', '35', 'normal', '2_35', 45, '06/1984', '', 'Couleur', 2, 6),
('2-205-02653-4', 'Génie du bal', '11', 'normal', '39_11', 46, '03/1984', '', 'Couleur', 39, 14),
('2-205-02679-8', 'Achille Talon n\'a pas tout dit... ', '36', 'normal', '2_36', 45, '08/1984', '', 'Couleur', 2, 6),
('2-205-02690-9', 'Trait de génie', '12', 'normal', '39_12', 46, '01/1985', '', 'Couleur', 39, 14),
('2-205-02914-2', 'Génie en herbe', '13', 'normal', '39_13', 46, '01/1986', '', 'Couleur', 39, 14),
('2-205-03042-6', 'Achille Talon contre docteur Chacal et M', '38', 'normal', '2_38', 46, '09/1987', '', 'Couleur', 2, 6),
('2-205-03120-1', 'Le Poids du génie', '14', 'normal', '39_14', 48, '10/1986', '', 'Couleur', 39, 14),
('2-205-03131-7', 'Achille Talon et l\'archipel de Sanzunron', '37', 'normal', '2_37', 45, '09/1985', '', 'Couleur', 2, 6),
('2-205-03215-1', 'Léonard coup de génie', '8', 'normal', '39_8', 46, '11/1982', '', 'Couleur', 39, 14),
('2-205-03340-9', 'Crie,ô génie !', '15', 'normal', '39_15', 45, '03/1987', '', 'Couleur', 39, 14),
('2-205-03416-2', 'Génie à revendre', '16', 'normal', '39_16', 48, '11/1987', '', 'Couleur', 39, 14),
('2-205-03541-X', 'Achille Talon et le monstre de l\'étang', '40', 'normal', '2_40', 46, '10/1989', '', 'quadrichromie', 2, 6),
('2-205-03608-4', 'Ohé du génie !', '17', 'normal', '39_17', 48, '11/1988', '', 'Couleur', 39, 14),
('2-205-03867-2', 'Talon (Achille, pour les dames) ', '39', 'normal', '2_39', 46, '10/1989', '', 'Couleur', 2, 6),
('2-205-03910-5', 'Génie en sous-sol', '18', 'normal', '39_18', 48, '06/1905', '', 'Couleur', 39, 14),
('2-205-03964-4', 'Achille Talon et l\'appeau d\'Ephèse', '41', 'normal', '2_41', 46, '01/1991', '', 'Couleur', 2, 6),
('2-205-04009-X', 'l\'école d\'abracadabra', '1', 'normal', '1_1', 44, '02/1991', '', 'Couleur', 1, 6),
('2-205-04042-1', 'plongeons et dragons', '2', 'normal', '1_2', 46, '07/1991', '', 'Couleur', 1, 6),
('2-205-04089-8', 'des balais rosses', '3', 'normal', '1_3', 0, '02/1992', '', 'Couleur', 1, 6),
('2-205-04181-9', 'c\'est pas sorcier !', '4', 'normal', '1_4', 0, '02/1993', '', 'Couleur', 1, 6),
('2-205-04486-9', 'sabbat comme vous voulez ?', '5', 'normal', '1_5', 46, '12/1995', '', 'Couleur', 1, 6),
('2-205-04582-2', 'Le Musée Achille Talon ', '42', 'normal', '2_42', 46, '10/1996', '', 'Couleur', 2, 6),
('2-205-04614-4', 'déconfiture au chaudron !', '7', 'normal', '1_7', 46, '10/1997', '', 'Couleur', 1, 6),
('2-205-04760-4', 'des plaies et des carabosses', '8', 'normal', '1_8', 46, '12/1998', '', 'Couleur', 1, 6),
('2-205-04847-3', 'Achille Talon a la main verte ', '43', 'normal', '2_43', 46, '11/1998', '', 'Couleur', 2, 6),
('2-205-04878-3', 'les six trouilles d\'Hallowen', '9', 'normal', '1_9', 46, '11/1999', '', 'Couleur', 1, 6),
('2-205-04914-3', 'Tout va bien ! ', '44', 'normal', '2_44', 46, '09/2000', '', 'Couleur', 2, 6),
('2-205-04959-3', 'Le monde merveilleux du journal Polite', '46', 'normal', '2_46', 45, '10/2004', '', 'quadrichromie', 2, 6),
('2-205-04973-9', 'Bon millénaire m\'sieur Luberlu !', '1', 'normal', '51_1', 48, '05/2001', '', 'Couleur', 51, 6),
('2-205-05054-0', 'déboires d\'amulettes', '10', 'normal', '1_10', 46, '11/2000', '', 'Couleur', 1, 6),
('2-205-05126-1', 'Maître est Talon', '45', 'normal', '2_45', 46, '02/2001', '', 'Couleur', 2, 6),
('2-205-05193-8', 'Babybug', '2', 'normal', '51_2', 46, '01/2002', '', 'Couleur', 51, 6),
('2-205-05333-7', 'Petits frissons d\'Halloween', '3', 'normal', '51_3', 46, '10/2002', '', 'Couleur', 51, 6),
('2-205-05444-9', 'Diamant Soleil (Le)', '4', 'normal', '51_4', 46, '07/2003', '', 'Couleur', 51, 6),
('2-205-05534-8', 'Ernest le héros', '5', 'normal', '51_5', 46, '11/2004', '', 'Couleur', 51, 6),
('2-205-05653-0', 'Pas de Panique !', '6', 'normal', '51_6', 46, '02/2006', '', 'Couleur', 51, 6),
('2-208-04591-2', 'le philtre a gaffé', '6', 'normal', '1_6', 46, '12/1996', '', 'Couleur', 1, 6),
('2-215-00837-7', 'Le signe d\'Ys', '1', 'normal', '11_1', 44, '02/1986', '', 'Couleur', 11, 8),
('2-215-00883-0', 'Le fils de Fa dièse', '2', 'normal', '11_2', 44, '09/1986', '', 'Couleur', 11, 8),
('2-266-04917-8', 'Heureux qui comme cubitus', '6', 'normal', '22_6', 46, '01/1981', '', 'Couleur', 22, 14),
('2-350-78003-1', 'Sea, sex and deuche !', '5', 'normal', '40_5', 44, '05/2005', '', 'Couleur', 40, 4),
('2-350-78093-7', 'Formation accélérée', '4', 'normal', '6_4', 44, '07/2006', '', 'Couleur', 6, 4),
('2-350-78103-8', 'Droit au bug', '1', 'normal', '41_1', 46, '11/2006', '', 'Couleur', 41, 4),
('2-350-78106-2', 'Hommes des casernes', '5', 'normal', '42_5', 46, '10/2006', '', 'Couleur', 42, 4),
('2-350-78115-1', 'Une 2 cheveau nommée désir', '6', 'normal', '40_6', 44, '09/2006', '', 'Couleur', 40, 4),
('2-350-78119-4', 'Rythme scolaire', '9', 'normal', '56_9', 44, '09/2006', '', 'Couleur', 56, 4),
('2-505-00022-0', 'tome 53', '53', 'Manga', '23_53', 168, '12/2006', '', 'Noir et Blanc', 23, 12),
('2-505-00077-8', 'tome 54', '54', 'Manga', '23_54', 184, '03/2007', 'Conan et les Détectives-Boys vont à la montagne. Ils y rencontrent notamment une étudiante, Sakuko Kokura, membre d\'un groupe occupé à construire un bonhomme de neige. Mais voilà que Conan et ses amis', 'Noir et Blanc', 23, 12),
('2-505-01427-2', 'tome 67', '67', 'Manga', '23_67', 192, '03/2012', 'Panique au centre commercial ! Un forcené menace de faire exploser un étage entier ! Celui-là même où se trouvent Conan et ses amis, mais aussi Shéichi Akai et Subaru Okiya. Même Gin est dans les para', 'Noir et Blanc', 23, 12),
('2-7234-2759-5', 'Slide à mort', '1', 'normal', '27_1', 46, '10/1999', '', 'Couleur', 27, 10),
('2-7234-2772-2', 'Mon Copain de l\'espace', '1', 'normal', '59_1', 46, '10/1999', '', 'Couleur', 59, 10),
('2-7234-3141-X', 'Totale éclate', '2', 'normal', '27_2', 46, '05/2000', '', 'Couleur', 27, 10),
('2-7234-3142-8', 'Mon Copain de la Terre', '2', 'normal', '59_2', 46, '05/2000', '', 'Couleur', 59, 10),
('2-7234-3423-0', 'Rigolovni', '3', 'normal', '59_3', 46, '09/2001', '', 'Couleur', 59, 10),
('2-7234-3426-5', 'Frime contrôle', '3', 'normal', '27_3', 46, '06/2001', '', 'Couleur', 27, 10),
('2-7234-3771-X', 'L\'Envahissant', '4', 'normal', '59_4', 46, '07/2002', '', 'Couleur', 59, 10),
('2-7234-4004-4', 'Snow Révolution', '4', 'normal', '27_4', 46, '10/2002', '', 'Couleur', 27, 10),
('2-7234-4144-X', 'Jamais peur', '5', 'normal', '59_5', 46, '06/2003', '', 'Couleur', 59, 10),
('2-7234-4197-0', 'Une vague de fraîcheur', '5', 'normal', '27_5', 46, '10/2003', '', 'Couleur', 27, 10),
('2-7234-4275-6', 'Journal Infime', '1', 'normal', '46_1', 46, '05/2004', '', 'Couleur', 46, 10),
('2-7234-4491-0', 'Bienvenue à Gamelleland', '6', 'normal', '27_6', 46, '10/2004', '', 'Couleur', 27, 10),
('2-7234-4494-5', 'La grande aventure', '6', 'normal', '59_6', 46, '01/2006', '', 'Couleur', 59, 10),
('2-7234-4577-1', 'L\'invincible', '1', 'normal', '15_1', 46, '04/2004', '', 'Couleur', 15, 10),
('2-7234-4749-9', 'Le redoutable', '2', 'normal', '15_2', 0, '01/2005', '', 'Couleur', 15, 10),
('2-7234-4815-0', 'Mortebouse', '2', 'normal', '46_2', 46, '06/2005', '', 'Couleur', 46, 10),
('2-7234-5197-6', 'Gang de pro', '7', 'normal', '27_7', 46, '05/2006', '', 'Couleur', 27, 10),
('2-7234-5238-7', 'Casse-tête Olmèque', '36', 'normal', '62_36', 44, '01/2006', '', 'Couleur', 62, 10),
('2-7234-5252-2', 'Le cimetière des autobus', '3', 'normal', '46_3', 46, '06/2006', '', 'Couleur', 46, 10),
('2-7234-5487-8', 'Yéti de compagnie', '1', 'normal', '30_1', 46, '08/2006', '', 'Couleur', 30, 10),
('2-7234-5488-6', 'L\'invulnérable', '3', 'normal', '15_3', 0, '10/2006', '', 'Couleur', 15, 10),
('2-7316-1015-8', 'La guerre des familles', '5', 'normal', '48_5', 46, '06/1992', '', 'Couleur', 48, 2),
('2-7316-1072-7', 'Les voleurs de Ferrari', '6', 'normal', '48_6', 46, '09/1993', '', 'Couleur', 48, 2),
('2-7434-1803-6', 'Maxi génie', 'HS4', 'normal', '39_hs4', 128, '12/2014', '', 'Couleur', 39, 14),
('2-7493-0165-3', 'Tome 6', '6', 'normal', '34_6', 46, '05/2004', '', 'Couleur', 34, 25),
('2-8001-0003-6', 'Quatre aventures de Spirou et Fantasio', '1', 'normal', '64_1', 60, '01/1950', '', 'Couleur', 64, 8),
('2-8001-0004-4', 'Il y a un sorcier à Champignac', '2', 'normal', '64_2', 60, '01/1951', '', 'Couleur', 64, 8),
('2-8001-0005-2', 'Les chapeaux noirs', '3', 'normal', '64_3', 60, '01/1952', '', 'Couleur', 64, 8),
('2-8001-0006-0', 'Spirou et les héritiers', '4', 'normal', '64_4', 60, '01/1952', '', 'Couleur', 64, 8),
('2-8001-0007-9', 'Les Voleurs du Marsupilami', '5', 'normal', '64_5', 60, '01/1954', '', 'Couleur', 64, 8),
('2-8001-0008-7', 'La Corne du rhinocéros', '6', 'normal', '64_6', 60, '01/1955', '', 'Couleur', 64, 8),
('2-8001-0009-5', 'Le dictateur et les champignons', '7', 'normal', '64_7', 60, '01/1956', '', 'Couleur', 64, 8),
('2-8001-0010-9', 'La Mauvaise tête', '8', 'normal', '64_8', 55, '01/1956', '', 'Couleur', 64, 8),
('2-8001-0011-7', 'Le Repaire de la murène', '9', 'normal', '64_9', 60, '01/1957', '', 'Couleur', 64, 8),
('2-8001-0012-5', 'Les Pirates du silence', '10', 'normal', '64_10', 60, '01/1958', '', 'Couleur', 64, 8),
('2-8001-0013-3', 'Le Gorille a bonne mine', '11', 'normal', '64_11', 60, '01/1959', '', 'Couleur', 64, 8),
('2-8001-0014-1', 'Le Nid des Marsupilamis', '12', 'normal', '64_12', 60, '01/1960', '', 'Couleur', 64, 8),
('2-8001-0015-X', 'Le voyageur du mézosoïque   ', '13', 'normal', '64_13', 61, '01/1960', '', 'Couleur', 64, 8),
('2-8001-0016-8', 'Le prisonnier du Bouddha   ', '14', 'normal', '64_14', 61, '01/1960', '', 'Couleur', 64, 8),
('2-8001-0017-6', 'Z comme Zorglub   ', '15', 'normal', '64_15', 61, '01/1961', '', 'Couleur', 64, 8),
('2-8001-0018-4', 'L\'Ombre du Z', '16', 'normal', '64_16', 60, '01/1962', '', 'Couleur', 64, 8),
('2-8001-0019-2', 'Spirou et les hommes-bulles', '17', 'normal', '64_17', 60, '01/1964', '', 'Couleur', 64, 8),
('2-8001-0020-6', 'QRN sur Bretzelburg', '18', 'normal', '64_18', 61, '01/1966', '', 'Couleur', 64, 8),
('2-8001-0021-4', 'Panade à Champignac', '19', 'normal', '64_19', 61, '01/1969', '', 'Couleur', 64, 8),
('2-8001-0022-2', 'Le Faiseur d\'or', '20', 'normal', '64_20', 61, '01/1970', '', 'Couleur', 64, 8),
('2-8001-0023-0', 'Du glucose pour Noémie   ', '21', 'normal', '64_21', 44, '01/1971', '', 'Couleur', 64, 8),
('2-8001-0024-9', 'L\'Abbaye truquée', '22', 'normal', '64_22', 60, '01/1972', '', 'Couleur', 64, 8),
('2-8001-0025-7', 'Les taxis rouges', '1', 'normal', '9_1', 54, '01/1962', '', 'Couleur', 9, 14),
('2-8001-0026-5', 'Madame adolphine', '2', 'normal', '9_2', 0, '01/1965', '', 'Couleur', 9, 14),
('2-8001-0027-3', 'Douze travaux de Benoît Brisefer (Les)', '3', 'normal', '9_3', 60, '01/1969', '', 'Couleur', 9, 14),
('2-8001-0028-1', 'Tonton Placide', '4', 'normal', '9_4', 60, '01/1968', '', 'Couleur', 9, 14),
('2-8001-0029-X', 'Le cirque Bodoni', '5', 'normal', '9_5', 0, '01/1969', '', 'Couleur', 9, 14),
('2-8001-0095-8', 'Le Châtiment de Basenhau', '1', 'normal', '35_1', 43, '01/1954', '', 'Couleur', 35, 8),
('2-8001-0096-6', 'Le Maître de Roucybeuf', '2', 'normal', '35_2', 44, '01/1954', '', 'Couleur', 35, 8),
('2-8001-0097-4', 'Le Lutin du bois aux roches', '3', 'normal', '35_3', 44, '01/1955', '', 'Couleur', 35, 8),
('2-8001-0098-2', 'La Pierre de lune', '4', 'normal', '35_4', 44, '01/1956', '', 'Couleur', 35, 8),
('2-8001-0099-0', 'Le Serment des vikings', '5', 'normal', '35_5', 44, '11/1957', '', 'Couleur', 35, 8),
('2-8001-0100-8', 'La Source des dieux', '6', 'normal', '35_6', 44, '01/1958', '', 'Couleur', 35, 8),
('2-8001-0101-6', 'La Flèêche noire', '7', 'normal', '35_7', 44, '01/1959', '', 'Couleur', 35, 8),
('2-8001-0102-4', 'Le Sire de Montrésor', '8', 'normal', '35_8', 44, '01/1960', '', 'Couleur', 35, 8),
('2-8001-0103-2', 'La Flûte à 6 schtroumpfs', '9', 'normal', '35_9', 44, '01/1960', '', 'Couleur', 35, 8),
('2-8001-0104-0', 'La Guerre des sept fontaines', '10', 'normal', '35_10', 44, '01/1961', '', 'Couleur', 35, 8),
('2-8001-0105-9', 'L\'Anneau des Castellac', '11', 'normal', '35_11', 46, '01/1962', '', 'Couleur', 35, 8),
('2-8001-0106-7', 'Le Pays maudit', '12', 'normal', '35_12', 60, '01/1964', '', 'Couleur', 35, 8),
('2-8001-0107-5', 'Le Sortilège de Maltrochu', '13', 'normal', '35_13', 60, '01/1970', '', 'Couleur', 35, 8),
('2-8001-0256-X', 'Du Nord au Sud', '2', 'normal', '69_2', 44, '01/1972', '', 'Couleur', 69, 8),
('2-8001-0273-X', 'L\'Orgue du diable', '2', 'normal', '71_2', 44, '01/1973', '', 'Couleur', 71, 8),
('2-8001-0307-8', 'Lady d\'Olphine', '6', 'normal', '9_6', 62, '01/1971', '', 'Couleur', 9, 14),
('2-8001-0310-8', 'Et pour quinze cents dollers en plus', '3', 'normal', '69_3', 44, '01/1973', '', 'Couleur', 69, 8),
('2-8001-0327-2', 'Tora-Torapa', '23', 'normal', '64_23', 52, '01/1973', '', 'Couleur', 64, 8),
('2-8001-0333-7', 'Outlaw', '4', 'normal', '69_4', 44, '01/1973', '', 'Couleur', 69, 8),
('2-8001-0334-5', 'La Forge de Vulcain', '3', 'normal', '71_3', 44, '01/1973', '', 'Couleur', 71, 8),
('2-8001-0351-5', 'Tembo Tabou', '24', 'normal', '64_24', 44, '01/1974', '', 'Couleur', 64, 8),
('2-8001-0364-7', 'Les deserteurs', '5', 'normal', '69_5', 44, '01/1974', '', 'Couleur', 69, 8),
('2-8001-0384-1', 'Aventures électroniques', '4', 'normal', '71_4', 44, '01/1974', '', 'Couleur', 71, 8),
('2-8001-0398-1', 'Le Gri-gri du Niokolo-koba', '25', 'normal', '64_25', 44, '01/1974', '', 'Couleur', 64, 8),
('2-8001-0426-0', 'La prison de Robertsonville', '6', 'normal', '69_6', 44, '01/1975', '', 'Couleur', 69, 8),
('2-8001-0452-X', 'Message pour l\'éternité', '5', 'normal', '71_5', 44, '01/1975', '', 'Couleur', 71, 8),
('2-8001-0459-7', 'Les bleus de la marine', '7', 'normal', '69_7', 44, '01/1975', '', 'Couleur', 69, 8),
('2-8001-0461-9', 'Balade pour un Kroston', '1', 'normal', '37_1', 44, '01/1975', '', 'Couleur', 37, 8),
('2-8001-0462-7', 'Du cidre pour les étoiles', '26', 'normal', '64_26', 44, '01/1975', '', 'Couleur', 64, 8),
('2-8001-0474-0', 'Le continent des deux lunes', '3', 'normal', '62_3', 44, '11/1973', '', 'Couleur', 62, 10),
('2-8001-0491-0', 'Les cavaliers du ciel', '8', 'normal', '69_8', 44, '01/1976', '', 'Couleur', 69, 8),
('2-8001-0499-6', 'Les Trois soleils de Vinéa', '6', 'normal', '71_6', 44, '01/1976', '', 'Couleur', 71, 8),
('2-8001-0500-3', 'La grande patrouille', '9', 'normal', '69_9', 44, '01/1976', '', 'Couleur', 69, 8),
('2-8001-0501-1', 'Des bleus et des tuniques', '10', 'normal', '69_10', 44, '01/1976', '', 'Couleur', 69, 8),
('2-8001-0529-1', 'Des bleus en noir et blanc', '11', 'normal', '69_11', 44, '04/1977', '', 'Couleur', 69, 8),
('2-8001-0531-3', 'Le totem de l\'espace', '4', 'normal', '62_4', 44, '11/1974', '', 'Couleur', 62, 10),
('2-8001-0546-1', 'La frontière de la vie', '7', 'normal', '71_7', 44, '07/1977', '', 'Couleur', 71, 8),
('2-8001-0553-4', 'L\'Ankou', '27', 'normal', '64_27', 44, '07/1977', '', 'Couleur', 64, 8),
('2-8001-0559-3', 'Les bleus tournent cosaques', '12', 'normal', '69_12', 44, '10/1977', '', 'Couleur', 69, 8),
('2-8001-0584-4', 'Les bleus dans la gadoue', '13', 'normal', '69_13', 44, '04/1978', '', 'Couleur', 69, 8),
('2-8001-0592-5', 'Les titans', '8', 'normal', '71_8', 44, '07/1978', '', 'Couleur', 71, 8),
('2-8001-0606-9', 'Fétiche (Le)', '7', 'normal', '9_7', 44, '10/1978', '', 'Couleur', 9, 14),
('2-8001-0625-5', 'La maison des mutants', '2', 'normal', '37_2', 44, '01/1979', '', 'Couleur', 37, 8),
('2-8001-0627-1', 'Le blanc-sec', '14', 'normal', '69_14', 44, '01/1979', '', 'Couleur', 69, 8),
('2-8001-0633-6', 'La fille du vent', '9', 'normal', '71_9', 44, '01/1979', '', 'Couleur', 71, 8),
('2-8001-0644-1', 'Kodo le tyran', '28', 'normal', '64_28', 44, '04/1979', '', 'Couleur', 64, 8),
('2-8001-0651-4', 'Rumberley', '15', 'normal', '69_15', 44, '07/1979', '', 'Couleur', 69, 8),
('2-8001-0666-2', 'Le Trio de l\'étrange', '1', 'normal', '71_1', 44, '01/1972', '', 'Couleur', 71, 8),
('2-8001-0687-5', 'La Lumière d\'Ixo', '10', 'normal', '71_10', 44, '01/1980', '', 'Couleur', 71, 8),
('2-8001-0692-1', 'Bronco Benny', '16', 'normal', '69_16', 44, '04/1980', '', 'Couleur', 69, 8),
('2-8001-0700-6', 'Des haricots partout', '29', 'normal', '64_29', 44, '07/1980', '', 'Couleur', 64, 8),
('2-8001-0744-8', 'La spirale du temps', '11', 'normal', '71_11', 44, '01/1981', '', 'Couleur', 71, 8),
('2-8001-0754-5', '24 heures sur 24', '1', 'normal', '3_1', 44, '04/1981', '', 'Couleur', 3, 8),
('2-8001-0858-4', 'Un chariot dans l\'Ouest', '1', 'normal', '69_1', 44, '01/1972', '', 'Couleur', 69, 8),
('2-8001-0890-8', 'La vie de château', '3', 'normal', '37_3', 44, '04/1982', '', 'Couleur', 37, 8),
('2-8001-0908-4', 'La Proie et l\'ombre', '12', 'normal', '71_12', 44, '01/1982', '', 'Couleur', 71, 8),
('2-8001-0914-9', 'Au nom de la loi', '2', 'normal', '3_2', 46, '04/1988', '', 'Couleur', 3, 8),
('2-8001-0918-1', 'Bonjour Bizu', '0', 'normal', '11_0', 44, '07/1982', '', 'Couleur', 11, 8),
('2-8001-0945-9', 'Le renégat', '11', 'normal', '62_11', 44, '07/1982', '', 'Couleur', 62, 10),
('2-8001-0970-X', 'Sens Interdit', '3', 'normal', '3_3', 44, '07/1982', '', 'Couleur', 3, 8),
('2-8001-0971-8', 'Les Archanges de Vinéa', '13', 'normal', '71_13', 44, '04/1983', '', 'Couleur', 71, 8),
('2-8001-0977-7', 'La ceinture du grand froid', '30', 'normal', '64_30', 44, '04/1983', '', 'Couleur', 64, 8),
('2-8001-0994-7', 'La boite noire   ', '31', 'normal', '64_31', 44, '07/1983', '', 'Couleur', 64, 8),
('2-8001-1015-5', 'Voie sans issues', '4', 'normal', '3_4', 44, '04/1983', '', 'Couleur', 3, 8),
('2-8001-1023-6', 'Les Faiseurs de silence', '32', 'normal', '64_32', 44, '01/1984', '', 'Couleur', 64, 8),
('2-8001-1028-7', 'L\'héritier', '4', 'normal', '37_4', 44, '09/1984', '', 'Couleur', 37, 8),
('2-8001-1029-5', 'Le Feu de Wotan', '14', 'normal', '71_14', 44, '01/1984', '', 'Couleur', 71, 8),
('2-8001-1034-1', 'Le vaisseau des brumes', '2', 'normal', '50_2', 44, '09/1984', '', 'Couleur', 50, 8),
('2-8001-1036-8', 'Virus   ', '33', 'normal', '64_33', 44, '07/1984', '', 'Couleur', 64, 8),
('2-8001-1078-3', 'Aventure en Australie   ', '34', 'normal', '64_34', 44, '01/1985', '', 'Couleur', 64, 8),
('2-8001-1092-9', 'Le Canon de Kra', '15', 'normal', '71_15', 44, '04/1985', '', 'Couleur', 71, 8),
('2-8001-1126-7', 'Poulet aux amendes', '5', 'normal', '3_5', 44, '06/1984', '', 'Couleur', 3, 8),
('2-8001-1136-4', 'Qui arrêtera Cyanure   ', '35', 'normal', '64_35', 44, '07/1985', '', 'Couleur', 64, 8),
('2-8001-1242-5', 'Le requin jaune', '1', 'normal', '44_1', 44, '10/1986', '', 'quadrichromie', 44, 8),
('2-8001-1259-X', 'Ronde de nuit', '6', 'normal', '3_6', 44, '05/1985', '', 'Couleur', 3, 8),
('2-8001-1264-6', 'L\'Horloger de la comète', '36', 'normal', '64_36', 44, '01/1986', '', 'Couleur', 64, 8),
('2-8001-1378-2', 'Le Dragon de Hong Kong', '16', 'normal', '71_16', 44, '09/1986', '', 'Couleur', 71, 8),
('2-8001-1386-3', 'Le Réveil du Z', '37', 'normal', '64_37', 45, '09/1986', '', 'Couleur', 64, 8),
('2-8001-1420-7', 'La Jeunesse de Spirou', '38', 'normal', '64_38', 45, '01/1987', '', 'Couleur', 64, 8),
('2-8001-1431-2', 'Un Snorky a la dérive', '2', 'normal', '44_2', 44, '10/1986', '', 'quadrichromie', 44, 8),
('2-8001-1438-X', 'Un flic à l\'ombre', '7', 'normal', '3_7', 44, '06/1986', '', 'Couleur', 3, 8),
('2-8001-1514-9', 'Mousse en péril', '3', 'normal', '44_3', 46, '05/1987', '', 'quadrichromie', 44, 8),
('2-8001-1518-1', 'Spirou à New York', '39', 'normal', '64_39', 45, '09/1987', '', 'Couleur', 64, 8),
('2-8001-1537-8', 'Pas de panique', '8', 'normal', '3_8', 44, '03/1987', '', 'Couleur', 3, 8),
('2-8001-1582-3', 'Brigade Mobile', '9', 'normal', '3_9', 44, '03/1988', '', 'Couleur', 3, 8),
('2-8001-1585-8', 'Le Matin du monde', '17', 'normal', '71_17', 44, '09/1988', '', 'Couleur', 71, 8),
('2-8001-1603-X', 'Les galaxiens s\'en vont en gags', '17', 'normal', '62_17', 44, '06/1988', '', 'Couleur', 62, 10),
('2-8001-1616-1', 'Agent Trouble', '10', 'normal', '3_10', 44, '10/1988', '', 'Couleur', 3, 8),
('2-8001-1619-6', 'La Frousse aux trousses', '40', 'normal', '64_40', 45, '10/1988', '', 'Couleur', 64, 8),
('2-8001-1636-6', 'Premières classes', '1', 'normal', '16_1', 45, '02/1989', '', 'Couleur', 16, 8),
('2-8001-1673-0', 'Classes de neige', '2', 'normal', '16_2', 46, '08/1989', '', 'Couleur', 16, 8),
('2-8001-1676-5', 'sifflez dans le ballon', '11', 'normal', '3_11', 46, '11/1989', '', 'Couleur', 3, 8),
('2-8001-1704-4', 'La vallée des bannis   ', '41', 'normal', '64_41', 44, '11/1989', '', 'Couleur', 64, 8),
('2-8001-1726-5', 'Le chevalier potage', '3', 'normal', '11_3', 44, '10/1990', '', 'Couleur', 11, 8),
('2-8001-1727-3', 'Dis Bonjour à la Dame !', '1', 'normal', '54_1', 24, '09/1987', '', 'Couleur', 54, 8),
('2-8001-1739-7', 'Classe tous risques', '3', 'normal', '16_3', 46, '05/1990', '', 'Couleur', 16, 8),
('2-8001-1747-8', 'Le grand secret', '4', 'normal', '50_4', 44, '03/1990', '', 'Couleur', 50, 8),
('2-8001-1748-6', 'Les Exilés de Kifa', '18', 'normal', '71_18', 44, '03/1991', '', 'Couleur', 71, 8),
('2-8001-1768-0', 'Ris, ö Poulet', '12', 'normal', '3_12', 46, '07/1990', '', 'Couleur', 3, 8),
('2-8001-1780-X', 'La nuit des gargouilles', '5', 'normal', '50_5', 44, '11/1990', '', 'Couleur', 50, 8),
('2-8001-1783-4', 'Spirou à Moscou', '42', 'normal', '64_42', 45, '12/1990', '', 'Couleur', 64, 8),
('2-8001-1816-4', 'Papa a de la classe', '4', 'normal', '16_4', 46, '03/1991', '', 'Couleur', 16, 8),
('2-8001-1825-3', 'L\'oeuf astral', '21', 'normal', '62_21', 44, '05/1991', '', 'Couleur', 62, 10),
('2-8001-1827-X', 'Le trio Jabadao', '4', 'normal', '11_4', 44, '05/1991', '', 'Couleur', 11, 8),
('2-8001-1837-7', 'Tu veux mon doigt ?', '2', 'normal', '54_2', 45, '03/1990', '', 'Couleur', 54, 8),
('2-8001-1839-3', 'La tour de Nesle', '6', 'normal', '50_6', 44, '11/1991', '', 'Couleur', 50, 8),
('2-8001-1868-7', 'Un flic Flanche', '13', 'normal', '3_13', 47, '11/1991', '', 'Couleur', 3, 8),
('2-8001-1891-1', 'Vito la Déveine', '43', 'normal', '64_43', 45, '12/1991', '', 'Couleur', 64, 8),
('2-8001-1905-5', 'Quelle mouche le pique ?', '5', 'normal', '16_5', 46, '02/1992', '', 'Couleur', 16, 8),
('2-8001-1926-8', 'Mais qu\'est ce que tu fabrique', '3', 'normal', '54_3', 45, '06/1992', '', 'Couleur', 54, 8),
('2-8001-1940-3', 'Le fou du Roy', '7', 'normal', '50_7', 44, '08/1992', '', 'Couleur', 50, 8),
('2-8001-1941-1', 'Saute de Poulet', '14', 'normal', '3_14', 45, '08/1992', '', 'Couleur', 3, 8),
('2-8001-1956-X', 'La croisière fantôme', '5', 'normal', '11_5', 44, '10/1992', '', 'Couleur', 11, 8),
('2-8001-1960-8', 'Le rayon noir   ', '44', 'normal', '64_44', 44, '04/1993', '', 'Couleur', 64, 8),
('2-8001-1990-X', 'Chaud et froid', '6', 'normal', '16_6', 46, '01/1993', '', 'Couleur', 16, 8),
('2-8001-1999-3', 'L\'or du Rhin', '19', 'normal', '71_19', 44, '03/1993', '', 'Couleur', 71, 8),
('2-8001-2007-X', 'C\'est pour ton bien', '4', 'normal', '54_4', 45, '01/1994', '', 'Couleur', 54, 8),
('2-8001-2036-3', 'L\'appeau de l\'ours', '15', 'normal', '3_15', 46, '08/1993', '', 'Couleur', 3, 8),
('2-8001-2092-4', 'Pépé se mouille', '7', 'normal', '16_7', 46, '03/1994', '', 'Couleur', 16, 8),
('2-8001-2101-7', 'L\'Astrologue de Bruges', '20', 'normal', '71_20', 44, '10/1994', '', 'Couleur', 71, 8),
('2-8001-2120-3', 'Merci qui ?', '5', 'normal', '54_5', 45, '07/1994', '', 'Couleur', 54, 8),
('2-8001-2123-8', 'Flic Aïe !', '16', 'normal', '3_16', 44, '10/1994', '', 'Couleur', 3, 8),
('2-8001-2129-7', 'La houle aux loups', '6', 'normal', '11_6', 44, '10/1994', '', 'Couleur', 11, 8),
('2-8001-2139-4', 'Luna fatale', '45', 'normal', '64_45', 45, '09/1995', '', 'Couleur', 64, 8),
('2-8001-2171-8', 'Comme sur des roulettes', '8', 'normal', '16_8', 46, '11/1994', '', 'Couleur', 16, 8),
('2-8001-2176-9', 'Sortilèges', '1', 'normal', '49_1', 48, '02/1995', '', 'Couleur', 49, 8),
('2-8001-2211-0', 'N\'oublie pas ta capuche', '6', 'normal', '54_6', 45, '07/1996', '', 'Couleur', 54, 8),
('2-8001-2213-7', 'Les naufragés du Chastang', '27', 'normal', '62_27', 44, '10/1995', '', 'Couleur', 62, 10),
('2-8001-2215-3', 'Le Bal des vampires', '2', 'normal', '49_2', 48, '09/1995', '', 'Couleur', 49, 8),
('2-8001-2224-2', 'Poulet sans selle', '17', 'normal', '3_17', 46, '11/1995', '', 'Couleur', 3, 8),
('2-8001-2228-5', 'Parasite sur canapé', '9', 'normal', '16_9', 46, '10/1995', '', 'Couleur', 16, 8),
('2-8001-2254-4', 'Jeux de vilains', '1', 'normal', '36_1', 44, '03/1996', '', 'Couleur', 36, 8),
('2-8001-2319-2', 'Inferno', '3', 'normal', '49_3', 48, '06/1996', '', 'Couleur', 49, 8),
('2-8001-2338-9', 'Gâteau-surprise', '10', 'normal', '16_10', 46, '11/1996', '', 'Couleur', 16, 8),
('2-8001-2339-7', 'Carnage total', '2', 'normal', '36_2', 44, '11/1996', '', 'Couleur', 36, 8),
('2-8001-2340-0', 'La Porte des âmes', '21', 'normal', '71_21', 44, '09/1996', '', 'Couleur', 71, 8),
('2-8001-2341-9', 'Poulet rôti', '18', 'normal', '3_18', 47, '11/1996', '', 'Couleur', 3, 8),
('2-8001-2394-X', 'Machine qui rêve', '46', 'normal', '64_46', 45, '11/1998', '', 'Couleur', 64, 8),
('2-8001-2447-4', 'Histoires à lire au coin du feu', '4', 'normal', '49_4', 48, '05/1997', '', 'Couleur', 49, 8),
('2-8001-2455-5', 'Cygne d\'étang', '11', 'normal', '16_11', 46, '08/1997', '', 'Couleur', 16, 8),
('2-8001-2459-8', 'Apocalypse boy', '3', 'normal', '36_3', 44, '09/1997', '', 'Couleur', 36, 8),
('2-8001-2461-X', 'Demande à ton père', '7', 'normal', '54_7', 45, '11/1997', '', 'Couleur', 54, 8),
('2-8001-2462-8', 'Cuisse de Poulet', '19', 'normal', '3_19', 44, '11/1997', '', 'Couleur', 3, 8),
('2-8001-2587-X', 'La Jonque céleste', '22', 'normal', '71_22', 44, '09/1998', '', 'Couleur', 71, 8),
('2-8001-2588-8', 'Philtres d\'amour', '5', 'normal', '49_5', 48, '05/1998', '', 'Couleur', 49, 8),
('2-8001-2594-2', 'Full metal casquette', '4', 'normal', '36_4', 44, '10/1998', '', 'Couleur', 36, 8),
('2-8001-2596-9', 'Terrain minets', '12', 'normal', '16_12', 46, '08/1998', '', 'Couleur', 16, 8),
('2-8001-2650-1', 'Chair de Poule', '20', 'normal', '3_20', 46, '03/1999', '', 'Couleur', 3, 8),
('2-8001-2767-8', 'T\'as qu\'a t\'retenir', '8', 'normal', '54_8', 45, '05/1999', '', 'Couleur', 54, 8),
('2-8001-2768-6', 'Farfadets et korrigans', '6', 'normal', '49_6', 48, '05/1999', '', 'Couleur', 49, 8),
('2-8001-2777-5', 'Papa, je veux un cheval !', '13', 'normal', '16_13', 46, '08/1999', '', 'Couleur', 16, 8),
('2-8001-2782-1', 'Alien chantilly', '5', 'normal', '36_5', 44, '09/1999', '', 'Couleur', 36, 8),
('2-8001-2786-4', 'Ailes de Poulet', '21', 'normal', '3_21', 44, '06/2000', '', 'Couleur', 3, 8),
('2-8001-2823-2 ', 'Boule et Bill n°3', '3', 'normal', '13_3', 46, '07/1999', '', 'Couleur', 13, 8),
('2-8001-2825-9', 'Boule et Bill n°5', '5', 'normal', '13_5', 46, '07/1999', '', 'Couleur', 13, 8),
('2-8001-2830-5', 'Boule et Bill n°10s', '10', 'normal', '13_10', 0, '06/1905', '', 'Couleur', 13, 8),
('2-8001-2839-9', 'Boule et Bill n°19x', '19', 'normal', '13_19', 46, '07/1999', '', 'Couleur', 13, 8),
('2-8001-2840-2', 'Boule et Bill n°20', '20', 'normal', '13_20', 46, '07/1999', '', 'Couleur', 13, 8),
('2-8001-2843-7', 'Boule et Bill n°23', '23', 'normal', '13_23', 46, '07/1999', '', 'Couleur', 13, 8),
('2-8001-2844-5 ', 'Boule et Bill n°24', '24', 'normal', '13_24', 44, '07/1999', '', 'Couleur', 13, 8),
('2-8001-2916-6', 'Hocus pocus', '7', 'normal', '49_7', 44, '03/2000', '', 'Couleur', 49, 8),
('2-8001-2947-6', 'Paris sous Seine  ', '47', 'normal', '64_47', 44, '09/2004', '', 'Couleur', 64, 8),
('2-8001-2948-4', 'La pagode des brumes', '23', 'normal', '71_23', 44, '08/2001', '', 'Couleur', 71, 8),
('2-8001-2949-2', 'Au pied, j\'ai dit !', '14', 'normal', '16_14', 46, '07/2000', '', 'Couleur', 16, 8),
('2-8001-2956-5', 'Halloween', '8', 'normal', '49_8', 44, '10/2000', '', 'Couleur', 49, 8),
('2-8001-2957-3', 'Rodéo blork', '6', 'normal', '36_6', 44, '11/2000', '', 'Couleur', 36, 8),
('2-8001-2961-1', 'C\'est pas de ton âge !', '9', 'normal', '54_9', 45, '06/2000', '', 'Couleur', 54, 8),
('2-8001-3096-2', 'Brigade des eaux', '22', 'normal', '3_22', 44, '11/2001', '', 'Couleur', 3, 8),
('2-8001-3102-0', 'Avis de tempête', '15', 'normal', '16_15', 46, '07/2001', '', 'Couleur', 16, 8),
('2-8001-3109-8', 'Hypnosis', '9', 'normal', '49_9', 44, '10/2001', '', 'Couleur', 49, 8),
('2-8001-3111-X', 'Waterminator', '7', 'normal', '36_7', 44, '11/2001', '', 'Couleur', 36, 8),
('2-8001-3113-6', 'Tu comprendras quand tu seras grand', '10', 'normal', '54_10', 45, '11/2001', '', 'Couleur', 54, 8),
('2-8001-3247-7', 'Où sont les freins ?', '16', 'normal', '16_16', 46, '04/2002', '', 'Couleur', 16, 8),
('2-8001-3258-2', 'Contes de la pleine lune', '10', 'normal', '49_10', 44, '10/2002', '', 'Couleur', 49, 8),
('2-8001-3259-0', 'Paddle... My name is Kid Paddle', '8', 'normal', '36_8', 44, '11/2002', '', 'Couleur', 36, 8),
('2-8001-3261-2', 'Poulet en gelée', '23', 'normal', '3_23', 44, '02/2003', '', 'Couleur', 3, 8),
('2-8001-3262-0', 'Qui a éteint la lumière ?', '17', 'normal', '16_17', 46, '11/2002', '', 'Couleur', 16, 8),
('2-8001-3292-2', 'Tu ne s\'ras jamais grand', '11', 'normal', '54_11', 44, '06/2003', '', 'Couleur', 54, 8),
('2-8001-3327-9', 'Le retour de Falzar', '34', 'normal', '62_34', 44, '04/2003', '', 'Couleur', 62, 10),
('2-8001-3353-8', 'Enfin seuls !', '18', 'normal', '16_18', 46, '11/2003', '', 'Couleur', 16, 8),
('2-8001-3356-2', 'Mélusine à l\'école des Maléfices', '11', 'normal', '49_11', 44, '10/2003', '', 'Couleur', 49, 8),
('2-8001-3358-9', 'Le septième code ', '24', 'normal', '71_24', 45, '10/2005', '', 'Couleur', 71, 8),
('2-8001-3359-7', 'Boing ! Boing ! Bunk !', '9', 'normal', '36_9', 44, '03/2004', '', 'Couleur', 36, 8),
('2-8001-3362-7', 'C\'est du joli !', '12', 'normal', '54_12', 44, '11/2005', '', 'Couleur', 54, 8),
('2-8001-3511-5', 'La Belle et la bête', '12', 'normal', '49_12', 44, '10/2004', '', 'Couleur', 49, 8),
('2-8001-3516-6', 'On se calme !', '19', 'normal', '16_19', 46, '11/2004', 'Mademoiselle Nelly, notre institutrice a eu une idée géniale : célébrer la journée internationale de la paix. A cette occasion, nous avons donc réalisé des pancartes, avec des messages de paix écrits ', 'Couleur', 16, 8),
('2-8001-3519-0', 'Dark, j\'adore', '10', 'normal', '36_10', 44, '08/2005', '', 'Couleur', 36, 8),
('2-8001-3577-8', 'Diablotin à domicile', '1', 'normal', '53_1', 63, '01/2002', '', 'Couleur', 53, 8),
('2-8001-3578-6', 'Catastrophe naturelle', '2', 'normal', '53_2', 45, '01/2004', '', 'Couleur', 53, 8),
('2-8001-3610-3', 'Agent de poche', '24', 'normal', '3_24', 44, '10/2004', 'De la bonne volonté à revendre mais une malchance chronique. Voilà bien comment définir au mieux l\'Agent 212, simple membre des forces de l\'ordre et gaffeur au possible. Cela fait maintenant 24 tomes ', 'Couleur', 3, 8),
('2-8001-3635-9', 'Calamité à plein temps', '3', 'normal', '53_3', 45, '05/2004', '', 'Couleur', 53, 8),
('2-8001-3651-0', 'Superstitions', '13', 'normal', '49_13', 44, '10/2005', '', 'Couleur', 49, 8),
('2-8001-3694-4', 'L\'Homme qui ne voulait pas mourir', '48', 'normal', '64_48', 54, '09/2005', '', 'Couleur', 64, 8),
('2-8001-3696-0', 'L\'agent prend la pose', '25', 'normal', '3_25', 44, '04/2006', '', 'Couleur', 3, 8),
('2-8001-3697-9', 'J\'ai fini !', '20', 'normal', '16_20', 46, '11/2005', '', 'Couleur', 16, 8),
('2-8001-3770-3', 'Démon de midi', '4', 'normal', '53_4', 45, '03/2005', '', 'Couleur', 53, 8),
('2-8001-3804-1', 'La cuisine du diable', '14', 'normal', '49_14', 44, '06/2006', '', 'Couleur', 49, 8),
('2-8001-3828-2', 'Super casse-pieds', '5', 'normal', '53_5', 45, '03/2006', '', 'Couleur', 53, 8),
('2-8001-3844-0', 'Spirou et Fantasio à Tokyo', '49', 'normal', '64_49', 54, '09/2006', '', 'Couleur', 64, 8),
('2-8001-3860-2', 'On rêvasse ?', '21', 'normal', '16_21', 46, '11/2006', '', 'Couleur', 16, 8),
('2-8036-0006-4', 'Raconte-moi Cubitus', '7', 'normal', '22_7', 46, '01/1982', '', 'Couleur', 22, 14),
('2-8036-0291-1', 'Un oscar pour cubitus', '3', 'normal', '22_3', 46, '01/1978', '', 'Couleur', 22, 14),
('2-8036-0292-X', 'La corrida des Hippopotames casqués', '4', 'normal', '22_4', 46, '01/1979', '', 'Couleur', 22, 14),
('2-8036-0294-6', 'Cubitus illustre ses ancêtres', '2', 'normal', '22_2', 46, '09/1977', '', 'Couleur', 22, 14),
('2-8036-0295-4', 'Cubitus, pour les intimes', '5', 'normal', '22_5', 46, '01/1980', '', 'Couleur', 22, 14),
('2-8036-0390-X', 'Tu le fais exprès, ou quoi ?', '8', 'normal', '22_8', 46, '03/1983', '', 'Couleur', 22, 14),
('2-8036-0437-X', 'L\'ami ne fait pas le moine', '9', 'normal', '22_9', 46, '02/1984', '', 'Couleur', 22, 14),
('2-8036-0459-0', 'Cubitus et la boite qui parle', '10', 'normal', '22_10', 46, '09/1984', '', 'Couleur', 22, 14),
('2-8036-0491-4', 'Chien sans soucis', '11', 'normal', '22_11', 46, '04/1985', '', 'Couleur', 22, 14),
('2-8036-0520-1', 'Tu nous fais marcher', '12', 'normal', '22_12', 46, '11/1985', '', 'Couleur', 22, 14),
('2-8036-0555-4', 'Chien fidèle', '13', 'normal', '22_13', 46, '03/1986', '', 'Couleur', 22, 14),
('2-8036-0578-3', 'Pas de Salades', '14', 'normal', '22_14', 46, '07/1986', '', 'Couleur', 22, 14),
('2-8036-0607-0', 'Est-ce bien sérieux ?', '15', 'normal', '22_15', 46, '03/1987', '', 'Couleur', 22, 14),
('2-8036-0626-7', 'Alerte au Pédalosaure', '16', 'normal', '22_16', 46, '07/1987', '', 'Couleur', 22, 14),
('2-8036-0678-X', 'Quand tu nous tiens', '17', 'normal', '22_17', 46, '04/1988', '', 'Couleur', 22, 14),
('2-8036-0703-4', 'Tout en caressant Cubitus', '18', 'normal', '22_18', 44, '09/1988', '', 'Couleur', 22, 14),
('2-8036-0737-9', 'Remets-nous ça !', '19', 'normal', '22_19', 44, '02/1989', '', 'Couleur', 22, 14),
('2-8036-0759-X', 'Toujours avec deux sucres', '20', 'normal', '22_20', 44, '09/1989', '', 'Couleur', 22, 14),
('2-8036-0785-9', 'L\'esprit égaré', '21', 'normal', '22_21', 44, '11/1989', '', 'Couleur', 22, 14),
('2-8036-0800-6', 'Les enquêtes de l\'inspecteur Cubitus', '22', 'normal', '22_22', 44, '03/1990', '', 'Couleur', 22, 14),
('2-8036-0830-8', 'Donne la belle papatte', '23', 'normal', '22_23', 44, '09/1990', '', 'Couleur', 22, 14),
('2-8036-0909-6', 'Tout ça, c\'est des histoires', '24', 'normal', '22_24', 44, '02/1991', '', 'Couleur', 22, 14),
('2-8036-0964-9', 'Chien sans accroc,', '25', 'normal', '22_25', 46, '12/1991', '', 'Couleur', 22, 14),
('2-8036-0992-4', 'Cubitus se met au vert', '26', 'normal', '22_26', 46, '05/1992', '', 'Couleur', 22, 14),
('2-8036-1008-6', 'Chat, ch\'est du chien !', '27', 'normal', '22_27', 46, '11/1992', '', 'Couleur', 22, 14),
('2-8036-1017-5', 'Le Schtroumpf financier', '16', 'normal', '60_16', 44, '11/1992', '', 'Couleur', 60, 14),
('2-8036-1036-1', 'Copain toutes catégories', '28', 'normal', '22_28', 46, '06/1993', '', 'Couleur', 22, 14),
('2-8036-1041-8', 'Hold-up sur pellicule', '8', 'normal', '9_8', 46, '11/1993', '', 'Couleur', 9, 14),
('2-8036-1051-5', 'Cubitus fait toujours le beau', '29', 'normal', '22_29', 46, '10/1993', '', 'Couleur', 22, 14),
('2-8036-1092-2', 'Cubitus et les cumulus de Romulus', '31', 'normal', '22_31', 46, '12/1994', '', 'Couleur', 22, 14),
('2-8036-1098-1', 'Le Schtroumpfeur de bijoux', '17', 'normal', '60_17', 44, '11/1994', '', 'Couleur', 60, 14),
('2-8036-1119-8', 'Au poil près', '30', 'normal', '22_30', 46, '07/1994', '', 'Couleur', 22, 14),
('2-8036-1139-2', 'Mon chien quotidien', '32', 'normal', '22_32', 46, '05/1995', '', 'Couleur', 22, 14),
('2-8036-1207-0', 'Un bouquet garni pour Cubitus', '33', 'normal', '22_33', 46, '06/1996', '', 'Couleur', 22, 14),
('2-8036-1216-X', 'Docteur Schtroumpf', '18', 'normal', '60_18', 44, '10/1996', '', 'Couleur', 60, 14),
('2-8036-1242-9', 'Route du Sud (La)', '10', 'normal', '9_10', 44, '06/1997', '', 'Couleur', 9, 14),
('2-8036-1251-8', 'Chien indispensable', '34', 'normal', '22_34', 46, '05/1997', '', 'Couleur', 22, 14),
('2-8036-1323-9', 'L\'héritage du Pastaga', '35', 'normal', '22_35', 46, '02/1998', '', 'Couleur', 22, 14),
('2-8036-1351-4', 'Le Schtroumpf sauvage', '19', 'normal', '60_19', 44, '11/1998', '', 'Couleur', 60, 14),
('2-8036-1386-7', 'Secret d\'Eglantine (Le)', '11', 'normal', '9_11', 44, '06/1999', '', 'Couleur', 9, 14),
('2-8036-1387-5', 'Cubitus ne mord jamais', '36', 'normal', '22_36', 46, '01/1999', '', 'Couleur', 22, 14),
('2-8036-1388-3', 'Si tous les gags du monde', '37', 'normal', '22_37', 46, '02/2000', '', 'Couleur', 22, 14),
('2-8036-1401-4', 'Les bons contes font les bons génies', '29', 'normal', '39_29', 48, '06/1999', '', 'Couleur', 39, 14),
('2-8036-1500-2', 'Génie du foot', '30', 'normal', '39_30', 48, '05/2000', '', 'Couleur', 39, 14),
('2-8036-1516-9', 'La Menace schtroumpf', '20', 'normal', '60_20', 44, '11/2000', '', 'Couleur', 60, 14),
('2-8036-1570-3', 'Ile de la désunion (L\')', '9', 'normal', '9_9', 48, '05/1995', '', 'Couleur', 9, 14),
('2-8036-1596-7', 'Compile de Génie', 'HS2', 'normal', '39_hs2', 120, '11/2009', '', 'Couleur', 39, 14),
('2-8036-1617-3', 'ça n\'arrive qu\'à toi...', '38', 'normal', '22_38', 46, '02/2001', '', 'Couleur', 22, 14),
('2-8036-1632-7', 'Dodo de génie', '31', 'normal', '39_31', 48, '05/2001', '', 'Couleur', 39, 14),
('2-8036-1744-7', 'Magic génie', '32', 'normal', '39_32', 45, '05/2002', '', 'Couleur', 39, 14),
('2-8036-1747-1', 'Tu te la coules douce..', '39', 'normal', '22_39', 46, '06/2002', '', 'Couleur', 22, 14),
('2-8036-1760-9', 'Chocolats et coups fourrés', '12', 'normal', '9_12', 44, '08/2002', '', 'Couleur', 9, 14),
('2-8036-1773-0', 'On ne schtroumpfe pas le progrès', '21', 'normal', '60_21', 44, '11/2002', '', 'Couleur', 60, 14),
('2-8036-1867-2', 'Y a du génie dans l\'air !', '33', 'normal', '39_33', 46, '04/2003', '', 'Couleur', 39, 14),
('2-8036-1900-8', 'Le Schtroumpf reporter', '22', 'normal', '60_22', 44, '11/2003', '', 'Couleur', 60, 14),
('2-8036-1958-x', 'Génie à la page', '46', 'normal', '39_46', 46, '07/2015', '', 'Couleur', 39, 14),
('2-8036-1983-0', 'Docteur Génie et Mister Aïe !', '34', 'normal', '39_34', 46, '04/2004', '', 'Couleur', 39, 14),
('2-8036-1994-6', 'John-John', '13', 'normal', '9_13', 44, '11/2004', '', 'Couleur', 9, 14),
('2-8036-2005-7', 'Les Schtroumpfs joueurs', '23', 'normal', '60_23', 44, '01/2005', '', 'Couleur', 60, 14),
('2-8036-2062-1', 'Le génie donne sa langue au chat', '35', 'normal', '39_35', 46, '03/2005', '', 'Couleur', 39, 14),
('2-8036-2147-9', 'Le génie se gondole', '36', 'normal', '39_36', 46, '03/2006', '', 'Couleur', 39, 14),
('2-8036-2154-1', 'Salade de Schtroumpfs', '24', 'normal', '60_24', 44, '01/2006', '', 'Couleur', 60, 14),
('2-8036-2242-4', 'Un enfant chez les Schtroumpfs', '25', 'normal', '60_25', 44, '01/2007', '', 'Couleur', 60, 14),
('2-8094-3400-X', 'Nouvelle union', '1', 'comics', '70_1', 72, '06/2013', 'Marvel NOW!, cÕest parti ! Une nouvelle ère Marvel sÕouvre et nous fêtons lÕévénement avec ce nouveau mensuel qui accueille Uncanny Avengers de Rick Remender et John Cassaday, Avengers Arena de Dennis', 'Couleur', 70, 19),
('2-8094-3661-4', 'Le survivant', '4', 'comics', '70_4', 72, '09/2013', 'C\'est l\'heure de l\'affrontement final opposant les Uncanny Avengers à Cr‰ne Rouge et sa Confrérie des Mauvais Mutants ! X-23 affronteÉ Darkhawk ? Plus le Fauve face à Spider-Man et Captain America con', 'Couleur', 70, 19),
('2-84055-351-1', 'Sherlock Holmes n\'a peur de rien', '1', 'normal', '', 46, '04/1999', '', 'Couleur', 79, 7),
('2-84055-455-0', 'Sherlock Holmes et le Club des sports dangereux', '2', 'normal', '', 46, '01/2001', '', 'Couleur', 79, 7),
('2-84055-656-1', 'Sherlock Holmes et les Hommes du Camellia', '3', 'normal', '', 46, '01/2002', '', 'Couleur', 79, 7),
('2-84055-928-5', 'Sherlock Holmes et l\'Ombre du M', '4', 'normal', '', 48, '05/2003', '', 'Couleur', 79, 7),
('2-84565-127-9', '813 : la double vie', '1', 'normal', '4_1', 46, '02/2001', '', 'Couleur', 4, 22),
('2-84565-128-7', '813 : les trois crimes', '2', 'normal', '4_2', 46, '02/2001', '', 'Couleur', 4, 22),
('2-84565-142-2', 'Victor de la brigade mobile', '3', 'normal', '4_3', 0, '03/2001', '', 'Couleur', 4, 22),
('2-84565-154-6', 'Le bouchon de cristal', '4', 'normal', '4_4', 0, '05/2001', '', 'Couleur', 4, 22),
('2-84565-164-3', 'L\'aiguille creuse', '5', 'normal', '4_5', 46, '06/2001', '', 'Couleur', 4, 22),
('2-84565-205-4', 'La demoiselle aux yeux verts', '6', 'normal', '4_6', 46, '05/2003', '', 'Couleur', 4, 22),
('2-86497-000-7', 'Le Grand Fossé', '25', 'normal', '5_25', 44, '04/1980', '', 'Couleur', 5, 1),
('2-86497-004-X', 'L\'Odyssee d\'Asterix', '26', 'normal', '5_26', 44, '10/1981', '', 'Couleur', 5, 1),
('2-86497-011-2', 'Le Fils d\'Asterix', '27', 'normal', '5_27', 44, '10/1983', '', 'Couleur', 5, 1),
('2-86497-020-1', 'Asterix chez Rahazade', '28', 'normal', '5_28', 44, '10/1987', '', 'Couleur', 5, 1),
('2-86497-053-8', 'La Rose et le Galive', '29', 'normal', '5_29', 44, '10/1991', '', 'Couleur', 5, 1),
('2-86497-096-1', 'La Galere d\'Obelix', '30', 'normal', '5_30', 44, '07/1996', '', 'Couleur', 5, 1),
('2-86497-143-7', 'Asterix et Latraviata', '31', 'normal', '5_31', 44, '03/2001', '', 'Couleur', 5, 1),
('2-86497-170-4', 'Le Ciel lui tombe sur la tete', '33', 'normal', '5_33', 44, '10/2005', '', 'Couleur', 5, 1),
('2-86967-118-x', 'Tome 1', '1', 'normal', '34_1', 44, '11/1997', '', 'Couleur', 34, 25),
('2-86967-247-0', 'Tome 2', '2', 'normal', '34_2', 46, '10/2003', '', 'Couleur', 34, 25),
('2-86967-371-x', 'Tome 3', '3', 'normal', '34_3', 46, '09/1995', '', 'Couleur', 34, 25),
('2-86967-613-1', 'Tome 4', '4', 'normal', '34_4', 46, '05/2004', '', 'Couleur', 34, 25);
INSERT INTO `livre` (`isbn_livre`, `titre_livre`, `numTome_livre`, `format_livre`, `image_livre`, `nbPages_livre`, `dateParution_livre`, `commentaire_livre`, `couleur_livre`, `serie_id`, `editeur_id`) VALUES
('2-86967-805-3', 'Joe Bar Team Story', 'HS', 'normal', '34_hs', 64, '11/1998', '', 'Couleur', 34, 25),
('2-86967-993-9', 'Tome 5', '5', 'normal', '34_5', 46, '10/2003', '', 'Couleur', 34, 25),
('2-87097-002-1', 'Le secret de l\'espadon T1', '1', 'normal', '12_1', 54, '01/1984', 'La série met en scène deux héros, Sir Francis Blake, un militaire de carrière (origine RAF) mis à la disposition des services secrets britanniques de contre espionnage militaire (MI5), et son ami le p', 'Couleur', 12, 5),
('2-87097-004-8', 'Le secret de l\'espadon T2', '2', 'normal', '12_2', 54, '01/1985', '', 'Couleur', 12, 5),
('2-87097-005-6', 'Le secret de l\'espadon T3', '3', 'normal', '12_3', 48, '01/1986', '', 'Couleur', 12, 5),
('2-87097-008-0', 'Le mystère de la grande pyramide T1', '4', 'normal', '12_4', 54, '10/1986', '', 'Couleur', 12, 5),
('2-87097-009-9', 'Le mystère de la grande pyramide T2', '5', 'normal', '12_5', 54, '04/1987', '', 'Couleur', 12, 5),
('2-87097-010-2', 'La marque jaune', '6', 'normal', '12_6', 66, '01/1987', '', 'Couleur', 12, 5),
('2-87097-013-7', 'L\'énigme de l\'atlandide', '7', 'normal', '12_7', 62, '01/1988', '', 'Couleur', 12, 5),
('2-87097-015-3', 'S.O.S météores', '8', 'normal', '12_8', 62, '01/1989', '', 'Couleur', 12, 5),
('2-87097-016-1', 'Les 3 formules du professeur Sato T1', '11', 'normal', '12_11', 46, '01/1990', '', 'Couleur', 12, 5),
('2-87097-017-X', 'Les 3 formules du professeur Sato T2', '12', 'normal', '12_12', 46, '01/1990', '', 'Couleur', 12, 5),
('2-87097-020-X', 'Le piège diabolique', '9', 'normal', '12_9', 62, '01/1990', '', 'Couleur', 12, 5),
('2-87097-025-0', 'L\'affaire du collier', '10', 'normal', '12_10', 0, '01/1990', '', 'Couleur', 12, 5),
('2-87097-043-9', 'L\'affaire Francis Blake', '13', 'normal', '12_13', 66, '01/1996', '', 'Couleur', 12, 5),
('2-87097-052-8', 'La machination Voronov', '14', 'normal', '12_14', 60, '01/2000', '', 'Couleur', 12, 5),
('2-87097-059-5', 'L\'étrange rendez-vous', '15', 'normal', '12_15', 64, '09/2001', '', 'Couleur', 12, 5),
('2-87097-066-8', 'Les sarcophages du 6e continent T1', '16', 'normal', '12_16', 54, '11/2003', '', 'Couleur', 12, 5),
('2-87097-068-4', 'Les sarcophages du 6e continent T2', '17', 'normal', '12_17', 54, '10/2004', '', 'Couleur', 12, 5),
('2-87129-063-6 ', 'Faut Rigoler', '26', 'normal', '13_26', 44, '03/1991', '', 'Couleur', 13, 6),
('2-87129-090-3 ', 'Bwouf Allo Bill?', '27', 'normal', '13_27', 44, '12/1995', '', 'Couleur', 13, 6),
('2-87129-128-4', 'tome 1', '1', 'Manga', '23_1', 180, '04/1997', '', 'Noir et Blanc', 23, 12),
('2-87129-132-2', 'tome 2', '2', 'Manga', '23_2', 167, '03/2003', '', 'Noir et Blanc', 23, 12),
('2-87129-139-X ', 'tome 3', '3', 'Manga', '23_3', 0, '03/2003', '', 'Noir et Blanc', 23, 12),
('2-87129-144-6', 'tome 4', '4', 'Manga', '23_4', 178, '10/1997', '', 'Noir et Blanc', 23, 12),
('2-87129-149-7', 'tome 5', '5', 'Manga', '23_5', 173, '', '', 'Noir et Blanc', 23, 12),
('2-87129-159-4', 'tome 6', '6', 'Manga', '23_6', 167, '', '', 'Noir et Blanc', 23, 12),
('2-87129-163-2', 'tome 7', '7', 'Manga', '23_7', 161, '', '', 'Noir et Blanc', 23, 12),
('2-87129-175-6', 'tome 8', '8', 'Manga', '23_8', 169, '', '', 'Noir et Blanc', 23, 12),
('2-87129-180-2', 'tome 9', '9', 'Manga', '23_9', 163, '', '', 'Noir et Blanc', 23, 12),
('2-87129-182-9', 'tome 10', '10', 'Manga', '23_10', 167, '', '', 'Noir et Blanc', 23, 12),
('2-87129-205-1', 'tome 11', '11', 'Manga', '23_11', 0, '', '', 'Noir et Blanc', 23, 12),
('2-87129-206-X', 'tome 12', '12', 'Manga', '23_12', 180, '', '', 'Noir et Blanc', 23, 12),
('2-87129-207-8', 'tome 13', '13', 'Manga', '23_13', 0, '', '', 'Noir et Blanc', 23, 12),
('2-87129-208-6', 'tome 14', '14', 'Manga', '23_14', 0, '', '', 'Noir et Blanc', 23, 12),
('2-87129-209-4', 'tome 15', '15', 'Manga', '23_15', 0, '', '', 'Noir et Blanc', 23, 12),
('2-87129-210-8', 'tome 16', '16', 'Manga', '23_16', 0, '02/1999', '', 'Noir et Blanc', 23, 12),
('2-87129-211-6', 'tome 17', '17', 'Manga', '23_17', 165, '05/1999', '', 'Noir et Blanc', 23, 12),
('2-87129-212-4', 'tome 18', '18', 'Manga', '23_18', 165, '07/1999', '', 'Noir et Blanc', 23, 12),
('2-87129-213-2', 'tome 19', '19', 'Manga', '23_19', 0, '01/2000', '', 'Noir et Blanc', 23, 12),
('2-87129-214-0', 'tome 20', '20', 'Manga', '23_20', 0, '03/2000', '', 'Noir et Blanc', 23, 12),
('2-87129-257-4 ', 'tome 21', '21', 'Manga', '23_21', 0, '05/2000', '', 'Noir et Blanc', 23, 12),
('2-87129-258-2', 'tome 22', '22', 'Manga', '23_22', 193, '07/2000', '', 'Noir et Blanc', 23, 12),
('2-87129-259-0', 'tome 23', '23', 'Manga', '23_23', 0, '09/2000', '', 'Noir et Blanc', 23, 12),
('2-87129-260-4 ', 'tome 24', '24', 'Manga', '23_24', 0, '11/2000', '', 'Noir et Blanc', 23, 12),
('2-87129-336-8 ', 'tome 25', '25', 'Manga', '23_25', 0, '01/2001', '', 'Noir et Blanc', 23, 12),
('2-87129-337-6', 'tome 26', '26', 'Manga', '23_26', 0, '03/2001', '', 'Noir et Blanc', 23, 12),
('2-87129-338-4', 'tome 27', '27', 'Manga', '23_27', 0, '05/2001', '', 'Noir et Blanc', 23, 12),
('2-87129-339-2', 'tome 28', '28', 'Manga', '23_28', 0, '07/2001', '', 'Noir et Blanc', 23, 12),
('2-87129-340-6', 'tome 29', '29', 'Manga', '23_29', 0, '11/2001', '', 'Noir et Blanc', 23, 12),
('2-87129-408-9 ', 'tome 30', '30', 'Manga', '23_30', 0, '02/2002', '', 'Noir et Blanc', 23, 12),
('2-87129-420-8 ', 'tome 31', '31', 'Manga', '23_31', 0, '05/2002', '', 'Noir et Blanc', 23, 12),
('2-87129-433-X', 'tome 32', '32', 'Manga', '23_32', 0, '09/2002', '', 'Noir et Blanc', 23, 12),
('2-87129-447-X', 'tome 33', '33', 'Manga', '23_33', 0, '12/2002', '', 'Noir et Blanc', 23, 12),
('2-87129-506-9 ', 'tome 34', '34', 'Manga', '23_34', 0, '03/2003', '', 'Noir et Blanc', 23, 12),
('2-87129-526-3', 'tome 35', '35', 'Manga', '23_35', 192, '06/2003', '', 'Noir et Blanc', 23, 12),
('2-87129-550-6 ', 'tome 36', '36', 'Manga', '23_36', 192, '10/2003', '', 'Noir et Blanc', 23, 12),
('2-87129-582-4', 'Quel Cirque', '29', 'normal', '13_29', 44, '10/2003', '', 'Couleur', 13, 6),
('2-87129-597-2', 'tome 37', '37', 'Manga', '23_37', 192, '01/2004', 'Le 7 novembre, trois ans jour pour jour après la mort de Matsuda, un prestigieux policier de la brigade de déminage tué dans une explosion, le commissaire Shiratori est à son tour victime d\'une attaqu', 'Noir et Blanc', 23, 12),
('2-87129-612-X ', 'tome 38', '38', 'Manga', '23_38', 192, '03/2004', 'L\'adversaire de Wolface, une superstar du catch qui fait son grand retour, est assassiné ! Et sur un film vidéo qui a été pris par hasard sur le lieu du crime, c\'est Wolface que l\'on aperçoit !? Une f', 'Noir et Blanc', 23, 12),
('2-87129-622-7', 'tome 39', '39', 'Manga', '23_39', 192, '05/2004', 'Une cliente, venue demander à Mouri d\'enquêter sur quelqu\'un qui la suivait, meurt dans l\'incendie de sa maison quelques temps après ! Y aurait-il un rapport avec la série d\'incendies qui ravagent le ', 'Noir et Blanc', 23, 12),
('2-87129-633-1', 'tome 40', '40', 'Manga', '23_40', 192, '07/2004', 'On a trouvé une lettre vieille de 40 ans dans la chambre du professeur Agasa. Elle aurait été écrite par son premier amour, qui lui propose de se retrouver tous les 10 ans sur le lieu de leurs souveni', 'Noir et Blanc', 23, 12),
('2-87129-644-7', 'tome 41', '41', 'Manga', '23_41', 190, '11/2004', '', 'Noir et Blanc', 23, 12),
('2-87129-655-3 ', 'tome 42', '42', 'Manga', '23_42', 194, '11/2004', '', 'Noir et Blanc', 23, 12),
('2-87129-702-9 ', 'tome 43', '43', 'Manga', '23_43', 190, '01/2005', '', 'Noir et Blanc', 23, 12),
('2-87129-720-7', 'tome 44', '44', 'Manga', '23_44', 190, '03/2005', '', 'Noir et Blanc', 23, 12),
('2-87129-774-6 ', 'tome 45', '45', 'Manga', '23_45', 188, '05/2005', '', 'Noir et Blanc', 23, 12),
('2-87129-795-9', 'tome 46', '46', 'Manga', '23_46', 190, '07/2005', '', 'Noir et Blanc', 23, 12),
('2-87129-814-9', 'tome 47', '47', 'Manga', '23_47', 188, '09/2005', '', 'Noir et Blanc', 23, 12),
('2-87129-832-7', 'tome 48', '48', 'Manga', '23_48', 177, '11/2005', '', 'Noir et Blanc', 23, 12),
('2-87129-853-X', 'La bande à Bill', '30', 'normal', '13_30', 44, '05/2005', '', 'Couleur', 13, 6),
('2-87129-888-2', 'tome 49', '49', 'Manga', '23_49', 173, '01/2006', '', 'Noir et Blanc', 23, 12),
('2-87129-909-9', 'tome 50', '50', 'Manga', '23_50', 192, '03/2006', '', 'Noir et Blanc', 23, 12),
('2-87129-920-X ', 'tome 1', '1', 'manga', '25_1', 189, '01/2006', '', 'Noir et Blanc', 25, 12),
('2-87129-929-3 ', 'tome 51', '51', 'Manga', '23_51', 192, '07/2006', '', 'Noir et Blanc', 23, 12),
('2-87129-938-2', 'tome 2', '2', 'manga', '25_2', 189, '05/2007', 'Catastrophe ! Nobita n\'a pas étudié et deux contr™les sont prévus pour le lendemain ! DORAemon lui vient en aide avec son rappel-pain, une invention venue du futur. Mieux qu\'un pense-bête, celui qui m', 'Noir et Blanc', 25, 12),
('2-87129-991-9', 'tome 52', '52', 'Manga', '23_52', 188, '10/2006', '', 'Noir et Blanc', 23, 12),
('2-87142-018-1', 'Mille Miglia', '1', 'normal', '48_1', 47, '01/1987', '', 'Couleur', 48, 9),
('2-87345-000-2', 'L\'Aéroschtroumpf', '14', 'normal', '60_14', 42, '03/1990', '', 'Couleur', 60, 14),
('2-87345-024-X', 'L\'étrange Réveil du Schtroumpf paresseux', '15', 'normal', '60_15', 42, '04/1991', '', 'Couleur', 60, 14),
('2-88257-012-0', 'Prélude à l\'apeupréhistoire..', '1', 'normal', '52_1', 47, '11/1991', '', 'Couleur', 52, 6),
('2-88257-017-1', 'Chroniques de l\'apeupréhistoire...', '2', 'normal', '52_2', 47, '05/1992', '', 'Couleur', 52, 6),
('2-88257-020-1', 'Du rififi chez les sauriens', '3', 'normal', '52_3', 47, '04/1993', '', 'Couleur', 52, 6),
('2-88257-023-6', 'Humo Sapiens', '4', 'normal', '52_4', 0, '04/1994', '', 'Couleur', 52, 6),
('2-88257-031-7', 'Paléolithic sinfonia', '6', 'normal', '52_6', 47, '06/1996', '', 'Couleur', 52, 6),
('2-88257-037-6', 'Panique à Diplodocus-land', '7', 'normal', '52_7', 47, '04/1997', '', 'Couleur', 52, 6),
('2-88257-042-2', 'Ramdam sur le rift', '8', 'normal', '52_8', 47, '09/1999', '', 'Couleur', 52, 6),
('2-88257-051-1', 'Commando reptile saurien', '5', 'normal', '52_5', 47, '04/1995', '', 'Couleur', 52, 6),
('2-88257-053-8', 'Apeuprehistoric games', '9', 'normal', '52_9', 47, '10/2000', '', 'Couleur', 52, 6),
('2-88257-062-7', 'Odyssée de l\'espèce (l\')', '10', 'normal', '52_10', 47, '05/2001', '', 'Couleur', 52, 6),
('2-88257-065-1', 'Bienvenue dans l\'ère aglaglacière', '11', 'normal', '52_11', 47, '05/2002', '', 'Couleur', 52, 6),
('2-88257-072-4', 'Zen', '12', 'normal', '52_12', 47, '03/2005', '', 'Couleur', 52, 6),
('2-88302-031-0', 'Cine Citta', '2', 'normal', '48_2', 46, '01/1988', '', 'Couleur', 48, 9),
('2-88302-032-9', 'La voleuse', '3', 'normal', '48_3', 46, '05/1990', '', 'Couleur', 48, 2),
('2-88425-000-X', 'Flagrant génie', '19', 'normal', '39_19', 48, '01/1990', '', 'Couleur', 39, 14),
('2-88425-001-8', 'Ciel, mon génie !', '20', 'normal', '39_20', 45, '06/1991', '', 'Couleur', 39, 14),
('2-88425-002-6', 'Un air de génie', '21', 'normal', '39_21', 48, '04/1992', '', 'Couleur', 39, 14),
('2-88425-003-4', 'Cadeau de génie', '22', 'normal', '39_22', 48, '10/1992', '', 'Couleur', 39, 14),
('2-88425-004-7', 'Poil au génie !', '23', 'normal', '39_23', 48, '09/1993', '', 'Couleur', 39, 14),
('2-88425-005-0', 'Temps de génie', '24', 'normal', '39_24', 48, '09/1994', '', 'Couleur', 39, 14),
('2-88425-006-1', '20 ans de génie', 'HS1', 'normal', '39_hs1', 59, '11/1994', '', 'Couleur', 39, 3),
('2-88425-007-7', 'D\'où viens-tu, génie ?', '25', 'normal', '39_25', 52, '11/1995', '', 'Couleur', 39, 14),
('2-88425-009-3', 'Génie or not génie ?', '26', 'normal', '39_26', 52, '11/1996', '', 'Couleur', 39, 14),
('2-88425-011-5', 'On a marché sur le génie !', '27', 'normal', '39_27', 48, '11/1997', '', 'Couleur', 39, 14),
('2-88425-012-3', 'Génie toujours Prêt !', '28', 'normal', '39_28', 48, '11/1998', '', 'Couleur', 39, 14),
('2-88471-016-7', 'Bêtisier T5', '14', 'normal', '57_14', 46, '06/2000', '', 'Couleur', 57, 6),
('2-88471-054-X', 'Belle et le bête', '15', 'normal', '57_15', 46, '10/2000', '', 'Couleur', 57, 6),
('2-88471-106-6', 'Bêtisier T6 : Le no‘l de Rantanplan', '16', 'normal', '57_16', 46, '11/2001', '', 'Couleur', 57, 6),
('2-908462-46-X', 'La peur du loup', '3', 'normal', '18_3', 44, '09/1992', '', 'Couleur', 18, 17),
('2-908462-58-3', 'La main verte', '4', 'normal', '18_4', 44, '08/1993', '', 'Couleur', 18, 17),
('2-908462-63-X', 'Chaminou et le Khrompire', '5', 'normal', '18_5', 46, '10/1994', '', 'Couleur', 18, 17),
('2-908462-64-8', 'L\'opuscule sans scrupule', '6', 'normal', '18_6', 46, '06/1995', '', 'Couleur', 18, 17),
('2-912715-12-1', 'Interro surprise', '1', 'normal', '56_1', 44, '06/2000', '', 'Couleur', 56, 4),
('2-912715-18-0', 'On achève bien les 2 cheveaux !', '1', 'normal', '40_1', 44, '11/2000', '', 'Couleur', 40, 4),
('2-912715-24-5', 'Loto et colles', '2', 'normal', '56_2', 44, '06/2001', '', 'Couleur', 56, 4),
('2-912715-31-8', 'L\'homme qui murmurait à l\'oreille des 2 cv', '2', 'normal', '40_2', 46, '06/2001', '', 'Couleur', 40, 4),
('2-912715-32-6', 'Tohu-bahut', '3', 'normal', '56_3', 44, '11/2001', '', 'Couleur', 56, 4),
('2-912715-51-2', 'Rentrée des artistes', '4', 'normal', '56_4', 44, '08/2002', '', 'Couleur', 56, 4),
('2-912715-54-7', 'Des gars des eaux', '1', 'normal', '42_1', 46, '02/2003', '', 'Couleur', 42, 4),
('2-912715-57-1', 'Les 2 cheveaux se cachent pour mourir', '3', 'normal', '40_3', 46, '10/2002', '', 'Couleur', 40, 4),
('2-912715-90-3', 'Chute des cours', '5', 'normal', '56_5', 44, '08/2003', '', 'Couleur', 56, 4),
('2-912715-92-x', 'Hommes au foyer', '2', 'normal', '42_2', 46, '11/2003', '', 'Couleur', 42, 4),
('2-915309-12-4', 'Vol au dessus d\'un nide de 2 cheveaux', '4', 'normal', '40_4', 44, '06/2004', '', 'Couleur', 40, 4),
('2-915309-15-9', 'Classe touriste', '6', 'normal', '56_6', 44, '08/2004', '', 'Couleur', 56, 4),
('2-915309-23-x', 'Les feux de l\'amour', '3', 'normal', '42_3', 46, '11/2004', '', 'Couleur', 42, 4),
('2-915309-57-4', 'Permis d\'éconduire', '1', 'normal', '6_1', 44, '10/2004', '', 'Couleur', 6, 4),
('2-915309-67-1', 'Conduite accompagnée', '2', 'normal', '6_2', 44, '06/2005', '', 'Couleur', 6, 4),
('2-915309-70-1', 'Mise en examen', '7', 'normal', '56_7', 44, '03/2005', '', 'Couleur', 56, 4),
('2-915309-71-X', 'Fenêtre sur cours', '8', 'normal', '56_8', 44, '09/2005', 'C Õest déjà la rentrée, et comme Ducobu, les Profs reprennent du service. Et là aussi, cÕest un poids lourd de lÕédition qui débarque, avec ses 200 000 exemplaires qui vont lÕinstaller tranquillement ', 'Couleur', 56, 4),
('2-915309-76-0', 'Potes au feu', '4', 'normal', '42_4', 46, '10/2005', '', 'Couleur', 42, 4),
('2-915309-78-7', 'Zéro de conduite', '3', 'normal', '6_3', 44, '11/2005', '', 'Couleur', 6, 4),
('2-930110-23-6', 'Caline et Calebasse Les joyaux de la reine', '8', 'normal', '50_8', 51, '04/1998', '', 'Noir et Blanc', 50, 21),
('2-940012-93-8', 'Les Cerveaux ', '10', 'normal', '57_10', 46, '04/1996', '', 'Couleur', 57, 6),
('2-940144-15-X', 'Le Chameau', '11', 'normal', '57_11', 46, '03/1997', '', 'Couleur', 57, 6),
('2-940144-40-0', 'Bêtisier T4 ', '12', 'normal', '57_12', 46, '01/1998', '', 'Couleur', 57, 6),
('2-940144-47-8', 'Grand voyage ', '13', 'normal', '57_13', 46, '06/1998', '', 'Couleur', 57, 6),
('2-9502211-6-5', 'L\'affaire Carotassis', '2', 'normal', '18_2', 43, '11/1989', '', 'Couleur', 18, 17),
('2205014463', 'Le voleur qui rit', '2', 'normal', '20_2', 45, '08/1978', 'Après son créateur Raymond Macherot, après Jo-El Azara, c’est Turk et Bob de Groot qui vont aider le Colonel détective à démasquer \"Le Voleur qui rit\".', 'Couleur', 20, 6),
('2205015595', '7 jours pour mourir', '3', 'normal', '20_3', 45, '01/1979', 'Imaginez un ordinateur hyper perfectionné, nouvellement acquis par l’Intelligence Service, qui choisit les personnes à éliminer, fournit toutes les informations à son sujet et envoie les tueurs. Terriblement efficace ! Seulement, ce n’est qu’une machine qui n’est pas à l’abri d’une erreur de manipulation. Par la maladresse d’un technocrate, le colonel Clifton est désigné comme la prochaine victime ! Le voilà avec la mort à ses trousses et il lui faudra développer des trésors d’ingéniosité pour sauver sa peau !', 'Couleur', 20, 6),
('2803600234', 'Sir Jason', '7', 'normal', '20_7', 46, '01/1982', 'Pour initier Sir Jason au dangereux métier d\'agent secret, Clifton entraîne celui-ci à la poursuite de redoutables trafiquants de drogues..', 'Couleur', 20, 14),
('2803603179', 'Alias lord X', '4', 'normal', '20_4', 46, '08/1980', 'Afin de venger un ami victime d’escrocs, le respectable Colonel s’est métamorphosé en gentleman cambrioleur sous le nom de Lord X...', 'Couleur', 20, 14),
('2803603187', 'Atout... cœur !', '5', 'normal', '20_5', 46, '01/1981', 'Des magnats de la haute finance tombent comme des mouches. Les uns après les autres, ils sont inexplicablement terrassés par une crise cardiaque et le masque d’une peur atroce déforme le visage de chacun ! Comment ? Pourquoi ? Voilà autant d’épineuses questions auxquelles Scotland Yard a laissé à Harold Clifton le soin de répondre...', 'Couleur', 20, 14),
('2803604302', 'Week-end à tuer', '8', 'normal', '20_8', 46, '01/1984', 'Une certaine Agatha (Christie ?), auteur de polars, veut prendre Clifton pour modèle de son prochain roman. Le Colonel en est évidemment flatté et il est justement appelé à élucider une sombre affaire de trafic de pièces de voiture. Mais Agatha se révèle être hélas un peu trop envahissante !', 'Couleur', 20, 14),
('2803604655', 'Kidnapping', '9', 'normal', '20_9', 46, '10/1984', 'uillet, le mois des grands camps scouts. Notre Héron Mélomane totem d’Harold Wilberforce Clifton a rassemblé sa troupe et ils ont pris la route. Au camp, Clifton distribue les tâches à chacun. Mais les événements se précipitent : Paon, de corvée bois, est enlevé dans la pénombre de la forêt par des gangsters. Avec la rançon, le chef des bandits, un cinglé, projette de compléter sa collection de vases chinois de la dynastie Ming... Dans les troupes scouts, c’est l’émoi, et le départ d’un jeu de piste pour le moins inhabituel !', 'Couleur', 20, 14),
('2803605406', 'Passé composé', '10', 'normal', '20_10', 46, '01/1986', 'Profitant du hasard d\'une heureuse rencontre, le journaliste Donald Paperback, de \'Clarion\', sollicite auprès de Clifton une interview exclusive. Le célèbre détective y évoquera, avec l\'humour typiquement british qui le caractérise, sa première enquête, menée à quinze ans au collège, pour retrouver les questions d\'examen traîtreusement subtilisées...', 'Couleur', 20, 14),
('2803614383', 'Ce cher Wilkinson', '1', 'normal', '20_1', 46, '08/1978', 'Un soir, le colonel Clifton est plongé dans la lecture d’un roman d’épouvante, passionné par les histoires de fantômes. Aussitôt le livre terminé, la soirée de Clifton et Miss Partridge est troublée par des manifestations bizarres, des soupières qui tombent, des assiettes qui s’envolent... la maison serait-elle hantée ? Notre ami ne peut le croire. Il mène alors son enquête afin de découvrir le mauvais plaisantin, ses recherches aboutissent vite à M. Wilkinson, un artiste...', 'Couleur', 20, 14),
('2803618230', 'Une panthère pour le colonel', '6', 'normal', '20_6', 46, '01/1982', 'Le Sheik Barhey a peur d\'un attentat contre son auguste personne et il a demandé à l\'Intelligence Service de lui fournir une escorte. Il doit se rendre en Suisse pour vérifier ses tirelires ! Après avoir examiné le dossier de tous les agents, il a décidé que seul le Colonel Clifton serait apte à le protéger. Voilà notre ami obligé de côtoyer ce monde doré où l\'argent occupe une place centrale et très convoitée..', 'Couleur', 20, 14),
('3-7316-0909-5', 'La baie des menteurs', '4', 'normal', '48_4', 46, '03/1991', '', 'Couleur', 48, 2),
('978-2-01-400100-6', 'Le Domaine des Dieux', '17', 'normal', '5_17', 44, '10/1971', '', 'Couleur', 5, 11),
('978-2-203-02272-0', 'Alerte sur Fangataufa', '1', 'normal', '61_1', 46, '09/2009', '', 'couleur', 61, 27),
('978-2-203-03339-9', 'Menace sur Apollo', '2', 'normal', '61_2', 46, '11/2010', '', 'couleur', 61, 27),
('978-2-203-06640-3', 'Terreur sur Saïgon', '3', 'normal', '61_3', 46, '12/2013', '', 'couleur', 61, 27),
('978-2-203-09648-6', 'Tempête à l\'Otan', '4', 'normal', '61_4', 46, '08/2016', '', 'couleur', 61, 27),
('978-2-205-04055-5', 'Grand Vizir Iznogoud', '1', 'normal', '33_1', 48, '01/1966', '', 'Couleur', 33, 6),
('978-2-205-05202-2', 'Achille Talon n\'arrête pas le progrès', '48', 'normal', '2_48', 46, '04/2009', 'Achille Talon n\'arrête pas le progrès. Mais le progrès peut-il arrêter Achille Talon ? Dans cette nouvelle série de gags, le plus érudit des héros de bande dessinée doit faire face à des technologies ', 'quadrichromie', 2, 6),
('978-2-205-06036-2', 'Achille Talon crève l\'écran', '47', 'normal', '2_47', 45, '07/2007', '', 'quadrichromie', 2, 6),
('978-2-205-06247-2', 'Moissons De Gags !', '54', 'normal', '65_54', 48, '09/2009', '', 'Couleur', 65, 6),
('978-2-205-06248-9', 'Gardien de la chaumière (Le)', '55', 'normal', '65_55', 48, '02/2010', '', 'Couleur', 65, 6),
('978-2-205-06638-8', 'La Mare aux gags', '56', 'normal', '65_56', 46, '03/2011', '', 'Couleur', 65, 6),
('978-2-205-06653-1', 'Treizozoïque Blues !', '13', 'normal', '52_13', 47, '06/2011', '', 'Couleur', 52, 6),
('978-2-205-06800-9', 'Remue-ménage', '57', 'normal', '65_57', 48, '04/2012', '', 'Couleur', 65, 6),
('978-2-205-06820-7', 'Puéril en la demeure', '14', 'normal', '52_14', 47, '08/2012', '', 'Couleur', 52, 6),
('978-2-302-01743-6', 'Ils sont dangereux', '1', 'normal', '45_1', 46, '06/2011', '', 'Couleur', 45, 22),
('978-2-302-02098-6 ', 'Intégrale 1', '1', 'normal', '', 132, '09/2012', '', 'Couleur', 82, 22),
('978-2-302-02250-8', 'Intégrale 2', '2', 'normal', '', 132, '11/2012', '', 'Couleur', 82, 22),
('978-2-302-02411-3', 'Ils sont envahis !', '2', 'normal', '45_2', 46, '08/2012', '', 'Couleur', 45, 22),
('978-2-302-02511-0', 'Intégrale 4', '4', 'normal', '', 132, '09/2013', '', 'Couleur', 82, 22),
('978-2-302-02776-3', 'Intégrale 3', '3', 'normal', '', 132, '03/2013', '', 'Couleur', 82, 22),
('978-2-302-03726-7', 'Intégrale 5', '5', 'normal', '', 132, '03/2014', '', 'Couleur', 82, 22),
('978-2-302-04102-8', 'Intégrale 6', '6', 'normal', '', 148, '10/2014', '', 'Couleur', 82, 22),
('978-2-302-04493-7', 'Intégrale 7', '7', 'normal', '', 152, '11/2014', '', 'Couleur', 82, 22),
('978-2-302-06902-2', 'Intégrale 8', '8', 'normal', '', 150, '09/2018', '', 'Couleur', 82, 22),
('978-2-344-00451-7', 'tome 11', '11', 'manga', '19_11', 152, '11/2014', '', 'Quadrichromie', 19, 10),
('978-2-344-01075-4', 'tome 12', '12', 'manga', '19_12', 176, '11/2015', 'Chi vient de retrouver sa maman. Malheureusement, c\'est également l\'heure pour la famille Yamada de partir vivre à l\'étranger. Qui, de sa famille d\'adoption ou de sa famille biologique, Chi va-t-elle ', 'Quadrichromie', 19, 10),
('978-2-350-78214-0', 'Tome 1', '1', 'normal', '24_1', 44, '02/2007', '', 'Couleur', 24, 4),
('978-2-350-78296-6', 'Motivation 10 / 10', '10', 'normal', '56_10', 44, '08/2007', '', 'Couleur', 56, 4),
('978-2-350-78298-0', '2 cheveaux sur la soupe', '7', 'normal', '40_7', 44, '08/2009', '', 'Couleur', 40, 4),
('978-2-350-78310-9', 'Un homme et une flamme', '6', 'normal', '42_6', 46, '10/2007', '', 'Couleur', 42, 4),
('978-2-350-78323-9', 'Au boulot et que ça saute', '2', 'normal', '41_2', 46, '10/2008', '', 'Couleur', 41, 4),
('978-2-350-78380-2', 'Tome 2 ', '2', 'normal', '24_2', 44, '01/2008', '', 'Couleur', 24, 4),
('978-2-350-78398-7', 'Graine de héros', '7', 'normal', '42_7', 46, '04/2008', '', 'Couleur', 42, 4),
('978-2-350-78439-7', 'Leçon de bonne conduite', '6', 'normal', '6_6', 44, '06/2008', '', 'Couleur', 6, 4),
('978-2-350-78462-5', 'La ligue des sapeurs-héros', '8', 'normal', '42_8', 46, '11/2008', '', 'Couleur', 42, 4),
('978-2-350-78471-7', 'Mise à jour ', '3', 'normal', '41_3', 46, '10/2008', '', 'Couleur', 41, 4),
('978-2-350-78618-6', 'Priorité maladroite', '7', 'normal', '6_7', 46, '03/2009', '', 'Couleur', 6, 4),
('978-2-350-78628-3', 'Auto et colles', '5', 'normal', '6_5', 46, '06/2007', '', 'Couleur', 6, 4),
('978-2-350-78720-6', 'Feu à volonté !', '9', 'normal', '42_9', 46, '10/2009', '', 'Couleur', 42, 4),
('978-2-350-78721-3', 'To Boot or not to boot ?', '4', 'normal', '41_4', 46, '11/2009', '', 'Couleur', 41, 4),
('978-2-350-78894-4', 'tome 1', '1', 'manga', '67_1', 148, '04/2010', 'cecily Cambell n\'a quÕune ambition : être la digne héritière de son aïeul, l\'un des fondateurs d\'Housman, en mettant son épée au service de la ville. Encore faudrait-il que sa lame soit moins émoussé', 'Noir et Blanc', 67, 4),
('978-2-350-78955-2', 'tome 2', '2', 'manga', '67_2', 163, '06/2010', '', 'Noir et Blanc', 67, 4),
('978-2-365-77791-9', 'Numéro 1', '1', 'comics', '8_1', 160, '03/2016', '', 'Couleur', 8, 24),
('978-2-365-77955-5', 'Numéro 2', '2', 'comics', '8_2', 120, '04/2016', '', 'Couleur', 8, 24),
('978-2-365-77957-9', 'Numéro 3', '3', 'comics', '8_3', 136, '05/2016', '', 'Couleur', 8, 24),
('978-2-365-77960-9', 'Batman \'66', 'HS01', 'comics', '8_hs01', 160, '04/2016', '', 'Couleur', 8, 24),
('978-2-365-77966-1', 'Numéro 4', '4', 'comics', '8_4', 128, '06/2016', '', 'Couleur', 8, 24),
('978-2-372-87137-2 ', 'Tome 4', '4', 'manga', '58_4', 244, '07/2015', '', 'Couleur', 58, 13),
('978-2-413-00028-0', 'INT. All you need is Holmes', '0', 'normal', '', 0, '11/2017', '', 'Couleur', 79, 7),
('978-2-413-00775-3', 'Les aventuriers du Mékong', '1', 'normal', '', 112, '10/2018', '', 'Couleur', 83, 7),
('978-2-505-00122-5', 'tome 55', '55', 'Manga', '23_55', 184, '06/2007', 'Il y a 10 ans, alors que Shinishi et Ran sont en salle d\'étude, un mystérieux garçon affirmant être le petit frère de Shinichi leur soumet l\'énigme suivante : Calmez la colère d\'Haido !, ce qui les co', 'Noir et Blanc', 23, 12),
('978-2-505-00309-0', 'tome 57', '57', 'Manga', '23_57', 178, '08/2008', 'Inconsciente, Rena Mizunashi est transportée à l\'h™pital sous la surveillance du FBI. Les hommes en noir qui r™dent dans les parages s\'approchent d\'elle discrètement. Eisuke Hond™ est également entra”', 'Noir et Blanc', 23, 12),
('978-2-505-00319-9', 'tome 7', '7', 'manga', '25_7', 189, '07/2008', '', 'Noir et Blanc', 25, 12),
('978-2-505-00332-8', 'tome 6', '6', 'manga', '25_6', 189, '05/2008', '', 'Noir et Blanc', 25, 12),
('978-2-505-00341-0', 'tome 56', '56', 'Manga', '23_56', 180, '03/2008', 'Les Detective Boys décident de passer la nuit dans une vieille demeure perdue au fin fond de la forêt. Seulement voilà, un meurtre s\'y produit. La vieille dame qui habite les lieux ne serait-elle pas ', 'Noir et Blanc', 23, 12),
('978-2-505-00392-2', 'tome 8', '8', 'manga', '25_8', 192, '09/2008', 'Nobita et Doraemon vivent des aventures vraiment délirantes. Doraemon n\'est jamais à court d\'inventions loufoques pour résoudre les problèmes de son jeune ami ! Mais cette fois encore, malgré le chiff', 'Noir et Blanc', 25, 12),
('978-2-505-00393-9', 'tome 9', '9', 'manga', '25_9', 192, '11/2008', '', 'Noir et Blanc', 25, 12),
('978-2-505-00440-0', 'tome 58', '58', 'Manga', '23_58', 192, '11/2009', 'Ë la poursuite de Rena Mizunachi, les hommes en noir s\'introduisent dans l\'h™pital où elle se cache dans le but de l\'enlever. Ils voient cependant leur plan contrarié par l\'intervention de Conan et Ak', 'Noir et Blanc', 23, 12),
('978-2-505-00535-3', 'tome 59', '59', 'Manga', '23_59', 192, '06/2011', 'En se rendant seul au rendez-vous que lui a donné Rena au col de la montagne Raiha, Akai est tombé dans le piège tendu par les hommes en noir !?? Au même moment, la télévision annonce qu\'une chevrolet', 'Noir et Blanc', 23, 12),
('978-2-505-00544-5', 'tome 10', '10', 'manga', '25_10', 192, '01/2009', 'L\'heure est grave ! Une terrible rumeur circule ! Giant préparerait un récital pour son prochain concert. Un concert de trois heures qu\'il compte donner devant tous ses amis ! Nobita et ses amis sont ', 'Noir et Blanc', 25, 12),
('978-2-505-00579-7', 'tome 60', '60', 'Manga', '23_60', 192, '11/2009', 'Pour fêter le retour dÕEisuke Hond™ au lycée Teitan, Conan et ses amis décident de se rendre au Karaoke Box. Un étrange individu les prend alors en filature ! Mais, quelques instants plus tard, celui-', 'Noir et Blanc', 23, 12),
('978-2-505-00581-0', 'tome 11', '11', 'manga', '25_11', 192, '07/2009', 'Tous les ans c\'est la même chose ! Pour les fêtes du nouvel an, Nobita et ses amis jouent au cerf-volant ou au hanetsuki, mais Nobita ne cesse de perdre. Ce qu\'il aimerait que ces jeux n\'existent pas ', 'Noir et Blanc', 25, 12),
('978-2-505-00697-8', 'tome 12', '12', 'manga', '25_12', 192, '11/2009', 'Nobita et ses amis sont bien embêtés ! Kuro, un chat de gouttière, nÕen finit plus de leur voler leur nourriture! CÕen est trop pour DORAemon qui décide dÕen finir en utilisant un missile télé-guidé i', 'Noir et Blanc', 25, 12),
('978-2-505-00698-5', 'tome 13', '13', 'manga', '25_13', 192, '05/2010', '', 'Noir et Blanc', 25, 12),
('978-2-505-00699-2', 'tome 14', '14', 'manga', '25_14', 192, '11/2010', 'Nobita sÕennuie, il veut de lÕaventure, dehors le monde est trop paisible... Trop calme... Doraemon lui propose alors dÕenfiler le Òmanteau qui en fait tropÓ ! Le quotidien tranquille de Nobita se tra', 'Noir et Blanc', 25, 12),
('978-2-505-00700-5', 'tome 15', '15', 'manga', '25_15', 192, '05/2011', '', 'Noir et Blanc', 25, 12),
('978-2-505-00835-4', 'tome 61', '61', 'Manga', '23_61', 192, '04/2010', 'Kaito Kid est de retour ! Le célèbre voleur magicien a prévu de réaliser un nouveau tour de magie exceptionnelle : dérober des pantoufles rarissimes devant une foule de téléspectateurs et la télévisio', 'Noir et Blanc', 23, 12),
('978-2-505-00836-1', 'tome 62', '62', 'Manga', '23_62', 182, '07/2010', '', 'Noir et Blanc', 23, 12),
('978-2-505-01001-2', 'tome 63', '63', 'Manga', '23_63', 182, '12/2010', '', 'Noir et Blanc', 23, 12),
('978-2-505-01074-6', 'tome 64', '64', 'Manga', '23_64', 192, '04/2011', 'Imaginez un Sherlock Holmes moderne, ‰gé d\'à peine 17 ans, vivant à la fin des années 1990! Comme si cela ne suffisait pas, imaginez en outre qu\'il a l\'apparence d\'un petit garçon de 6 ans... Quand le', 'Noir et Blanc', 23, 12),
('978-2-505-01208-5', 'tome 65', '65', 'Manga', '23_65', 192, '08/2011', 'Imaginez un Sherlock Holmes moderne, ‰gé d\'à peine 17 ans, vivant à la fin des années 1990! Comme si cela ne suffisait pas, imaginez en outre qu\'il a l\'apparence d\'un petit garçon de 6 ans... Quand le', 'Noir et Blanc', 23, 12),
('978-2-505-01243-6', 'tome 16', '16', 'manga', '25_16', 192, '10/2011', '', 'Noir et Blanc', 25, 12),
('978-2-505-01274-0', 'tome 66', '66', 'Manga', '23_66', 192, '02/2011', 'Imaginez un Sherlock Holmes moderne, ‰gé d\'à peine 17 ans, vivant à la fin des années 1990! Comme si cela ne suffisait pas, imaginez en outre qu\'il a l\'apparence d\'un petit garçon de 6 ans... Quand le', 'Noir et Blanc', 23, 12),
('978-2-505-01352-5', 'tome 17', '17', 'manga', '25_17', 192, '02/2012', '', 'Noir et Blanc', 25, 12),
('978-2-505-01353-2', 'tome 18', '18', 'manga', '25_18', 192, '06/2012', '', 'Noir et Blanc', 25, 12),
('978-2-505-01354-9 ', 'tome 19', '19', 'manga', '25_19', 192, '10/2012', '', 'Noir et Blanc', 25, 12),
('978-2-505-01355-6 ', 'tome 20', '20', 'manga', '25_20', 192, '03/2013', 'DORAemon revient plus en forme que jamais ! Cette fois-ci, il a décidé de créer une base secrète ! Mais ce n\'est pas tout ! DORAemon n\'est pas à l\'après d\'une idée farfelue. Au menu de ce tome, des pi', 'Noir et Blanc', 25, 12),
('978-2-505-01469-0', 'tome 68- Cerisiers en fleur', '68', 'Manga', '23_68', 192, '06/2012', 'Imaginez un Sherlock Holmes moderne, ‰gé d\'à peine 17 ans, vivant à la fin des années 1990! Comme si cela ne suffisait pas, imaginez en outre qu\'il a l\'apparence d\'un petit garçon de 6 ans... Quand le', 'Noir et Blanc', 23, 12),
('978-2-505-01534-5', 'tome 69', '69', 'Manga', '23_69', 192, '09/2012', '', 'Noir et Blanc', 23, 12),
('978-2-505-01579-6', 'tome 70', '70', 'Manga', '23_70', 192, '12/2012', 'Le grand cambrioleur Kaito Kid envoyant un message annonçant qu\'il veut rendre les trésors du patrimoine de Ry™ma, c\'est du jamais vu ! Et cela cache sérement quelque chose, mais quoi...?! Avant de re', 'Noir et Blanc', 23, 12),
('978-2-505-01705-9', 'tome 71', '71', 'Manga', '23_71', 192, '01/2013', 'Une simple fraise peut être le point de départ d\'une enquête au parfum doux-amer... Conan doit se démener une fois de plus pour déchiffrer la lettre codée d\'un tueur en série qui annonce l\'apocalypse ', 'Noir et Blanc', 23, 12),
('978-2-505-01742-4', 'tome 72', '72', 'Manga', '23_72', 192, '09/2013', 'Ë Londres, où il tente de déjouer les plans d\'un criminel, Conan (Shinichi) se retrouve face à face avec Ran... Lui déclarera-t-il enfin sa flamme ?! Ne manquez pas les autres aventures de ce tome, le', 'Noir et Blanc', 23, 12),
('978-2-505-01743-1', 'tome 73', '73', 'Manga', '23_73', 192, '09/2013', 'Ami ou ennemi ? Conan a-t-il rencontré un nouveau rival ? Surgissant de nulle part, ce personnage dit être un détective. Mais qui est-il vraiment ? Retrouvez dans ce volume la fin du Ç gardien du temp', 'Noir et Blanc', 23, 12),
('978-2-505-01744-8', 'tome 74', '74', 'Manga', '23_74', 192, '12/2013', '', 'Noir et Blanc', 23, 12),
('978-2-505-01745-5', 'tome 75', '75', 'Manga', '23_75', 192, '02/2014', 'Un nouveau détective, Touru Amuro, entre en scène ! Quelles sont les intentions de ce jeune homme qui prend les devants pour essayer de résoudre une affaire...?! Dans ce tome, le dénouement de l\'affai', 'Noir et Blanc', 23, 12),
('978-2-505-01746-2', 'tome 76', '76', 'Manga', '23_76', 192, '07/2014', 'Dans ce tome, entrez au cÏur d\'une affaire à laquelle sont mêlés Touru Amuro, le nouveau disciple de Kogoro, et Sera, la lycéenne. Un dossier brélant derrière lequel se cachent les hommes en noir... P', 'Noir et Blanc', 23, 12),
('978-2-505-01747-9', 'tome 77', '77', 'Manga', '23_77', 175, '10/2014', 'Conan met tout en Ïuvre pour retrouver l\'inspecteur Takagi qui a été enlevé, et son sauvetage risque d\'être rocambolesque ! Et c\'est à peine remis de ses émotions que Takagi se lance sur une nouvelle ', 'Noir et Blanc', 23, 12),
('978-2-505-01748-6', 'tome 21', '21', 'manga', '25_21', 192, '05/2013', '', 'Noir et Blanc', 25, 12),
('978-2-505-01749-3 ', 'tome 22', '22', 'manga', '25_22', 192, '10/2013', '', 'Noir et Blanc', 25, 12),
('978-2-505-01750-9', 'tome 23', '23', 'manga', '25_23', 192, '03/2014', '', 'Noir et Blanc', 25, 12),
('978-2-505-01751-6', 'tome 24', '24', 'manga', '25_24', 184, '09/2014', '', 'Noir et Blanc', 25, 12),
('978-2-505-01752-3', 'tome 25', '25', 'manga', '25_25', 185, '03/2015', '', 'Noir et Blanc', 25, 12),
('978-2-505-06079-6 ', 'tome 1', '1', 'Manga', '47_1', 182, '10/2014', 'Kaito souhaite devenir magicien comme son père. Huit ans après son décès, Kaito découvre quÕil était le célèbre voleur Kid lÕInsaisissable et quÕen réalité il a été assassiné ! Pour découvrir qui a tu', 'Noir et Blanc', 47, 12),
('978-2-505-06080-2', 'tome 2', '2', 'Manga', '47_2', 186, '12/2014', '', 'Noir et Blanc', 47, 12),
('978-2-505-06201-1', 'tome 27', '27', 'manga', '25_27', 192, '09/2015', '', 'Noir et Blanc', 25, 12),
('978-2-505-06222-6', 'tome 80', '80', 'Manga', '23_80', 176, '09/2015', '', 'Noir et Blanc', 23, 12),
('978-2-505-06223-3', 'tome 81', '81', 'Manga', '23_81', 176, '12/2015', '', 'Noir et Blanc', 23, 12),
('978-2-505-06241-7', 'tome 78', '78', 'Manga', '23_78', 176, '02/2015', '', 'Noir et Blanc', 23, 12),
('978-2-505-06247-9', 'tome 28', '28', 'manga', '25_28', 192, '12/2015', '', 'Noir et Blanc', 25, 12),
('978-2-505-06318-6', 'tome 3', '3', 'Manga', '47_3', 178, '02/2015', '', 'Noir et Blanc', 47, 12),
('978-2-505-06324-7', 'tome 4', '4', 'Manga', '47_4', 174, '04/2015', '', 'Noir et Blanc', 47, 12),
('978-2-505-06327-8', 'tome 79', '79', 'Manga', '23_79', 177, '05/2015', '', 'Noir et Blanc', 23, 12),
('978-2-505-06331-5', 'tome 26', '26', 'manga', '25_26', 183, '06/2015', '', 'Noir et Blanc', 25, 12),
('978-2-505-06552-3', 'tome 83', '83', 'Manga', '23_83', 160, '04/2016', '', 'Noir et Blanc', 23, 12),
('978-2-505-06554-8', 'tome 82', '82', 'Manga', '23_82', 176, '02/2016', '', 'Noir et Blanc', 23, 12),
('978-2-505-06555-5', 'tome 84', '84', 'Manga', '23_84', 178, '06/2016', '', 'Noir et Blanc', 23, 12),
('978-2-505-06557-9', 'tome 85', '85', 'Manga', '23_85', 192, '09/2016', '', 'Noir et Blanc', 23, 12),
('978-2-505-06568-5', 'tome 29', '29', 'manga', '25_29', 192, '02/2016', '', 'Noir et Blanc', 25, 12),
('978-2-505-06569-2', 'tome 30', '30', 'manga', '25_30', 192, '04/2016', '', 'Noir et Blanc', 25, 12),
('978-2-505-06570-8', 'tome 31', '31', 'manga', '25_31', 184, '06/2016', '', 'Noir et Blanc', 25, 12),
('978-2-5050-0049-5', 'Graines de cocker', '31', 'normal', '13_31', 46, '03/2007', '', 'Couleur', 13, 6),
('978-2-5050-0543-8', 'Mon meilleur ami', '32', 'normal', '13_32', 46, '09/2009', '', 'Couleur', 13, 6),
('978-2-5050-0656-5', 'Les quatres saisons', '28', 'normal', '13_28', 46, '07/2009', '', 'Couleur', 13, 6),
('978-2-5050-0659-6', 'Les V\'la', '25', 'normal', '13_25', 48, '08/2005', '', 'Couleur', 13, 6),
('978-2-5050-0918-4', 'A l\'abordage!!', '33', 'normal', '13_33', 46, '06/2011', '', 'Couleur', 13, 6),
('978-2-7234-5866-5', 'Gare au gorille', '2', 'normal', '30_2', 46, '01/2007', '', 'Couleur', 30, 10),
('978-2-7234-5869-6', 'Idylles', '4', 'normal', '46_4', 46, '11/2007', '', 'Couleur', 46, 10),
('978-2-7234-5998-3', 'L\'elfe des étoiles', '38', 'normal', '62_38', 44, '01/2008', '', 'Couleur', 62, 10),
('978-2-7234-6007-1', 'Coeur de Géant', '3', 'normal', '30_3', 46, '04/2007', '', 'Couleur', 30, 10),
('978-2-7234-6067-5', 'L\'inoxydable', '4', 'normal', '15_4', 0, '11/2007', '', 'Couleur', 15, 10),
('978-2-7234-6076-7', 'Raid d\'enfer', '8', 'normal', '27_8', 46, '01/2008', '', 'Couleur', 27, 10),
('978-2-7234-6302-7', 'Un copain au poil', '4', 'normal', '30_4', 46, '04/2008', '', 'Couleur', 30, 10),
('978-2-7234-6567-0', 'La Clé de l\'héxagramme', '39', 'normal', '62_39', 44, '03/2009', '', 'Couleur', 62, 10),
('978-2-7234-6613-4', 'Surf paradise club', '9', 'normal', '27_9', 46, '10/2008', '', 'Couleur', 27, 10),
('978-2-7234-6716-2', 'L\'intrépide', '5', 'normal', '15_5', 0, '08/2011', '', 'Couleur', 15, 10),
('978-2-7234-6788-9', 'Laser Ninja', '5', 'normal', '46_5', 46, '11/2009', 'Lou grandit, toujours plus vite. La petite fille des premiers tomes n\'est plus. La voici devenue jeune fille, avec toutes les caractéristiques de son ‰ge. C\'est le temps des premiers baisers, d\'autant', 'Couleur', 46, 10),
('978-2-7234-6900-5', 'Soutien de famille', '5', 'normal', '30_5', 48, '04/2009', '', 'Couleur', 30, 10),
('978-2-7234-7165-7', 'Fondu de snow', '10', 'normal', '27_10', 46, '09/2009', '', 'Couleur', 27, 10),
('978-2-7234-7169-5', 'Cosmik Comiks', '7', 'normal', '59_7', 46, '01/2010', '', 'Couleur', 59, 10),
('978-2-7234-7820-5', 'King Kong Foufou', '6', 'normal', '30_6', 46, '09/2010', '', 'Couleur', 30, 10),
('978-2-7234-7838-0', 'tome 1', '1', 'manga', '19_1', 168, '11/2010', '', 'Quadrichromie', 19, 10),
('978-2-7234-7845-8', 'tome 2', '2', 'manga', '19_2', 160, '01/2011', 'Que faire quand on est un mignon petit chaton dans une maison qu\'on ne connait pas ?Pleurer ? Ne rien faire ? Attendre ?Non, il y a plus drôle que ça : découvrir le monde !Du bac à sable aux crayons, ', 'Quadrichromie', 19, 10),
('978-2-7234-7846-5', 'tome 3', '3', 'manga', '19_3', 160, '03/2011', '', 'Quadrichromie', 19, 10),
('978-2-7234-7847-2 ', 'tome 4', '4', 'manga', '19_4', 160, '05/2011', '', 'Quadrichromie', 19, 10),
('978-2-7234-7848-9', 'tome 5', '5', 'manga', '19_5', 152, '07/2011', '', 'Quadrichromie', 19, 10),
('978-2-7234-8029-1', 'Le Lauréat K22', '41', 'normal', '62_41', 44, '05/2011', '', 'Couleur', 62, 10),
('978-2-7234-8296-7', 'S\'envoie en l\'air', '11', 'normal', '27_11', 46, '09/2011', '', 'Couleur', 27, 10),
('978-2-7234-8297-4', 'Yéti Gaga', '7', 'normal', '30_7', 46, '08/2011', '', 'Couleur', 30, 10),
('978-2-7234-8363-6', 'tome 6', '6', 'manga', '19_6', 152, '09/2011', '', 'Quadrichromie', 19, 10),
('978-2-7234-8364-3', 'tome 7', '7', 'manga', '19_7', 152, '02/2012', '', 'Quadrichromie', 19, 10),
('978-2-7234-8635-4', 'tome 8', '8', 'manga', '19_8', 152, '05/2013', 'A peine rétablie de ses dernières mésaventures, Chi repart explorer le monde avec son nouvel ami. Narguer les chiens du quartier, grimper aux arbres, visiter la nouvelle base secrète de Minou… décidém', 'Quadrichromie', 19, 10),
('978-2-7234-9193-8', 'tome 9', '9', 'manga', '19_9', 152, '10/2012', 'Revenue malade de sa dernière expédition, Chi doit porter une collerette. Pire ! Sa famille décide de ne plus la laisser sortir, de peur qu’elle ait un accident. Que va devenir son rendez-vous avec Mi', 'Quadrichromie', 19, 10),
('978-2-7234-9750-3', 'tome 10', '10', 'manga', '19_10', 152, '11/2013', '', 'Quadrichromie', 19, 10),
('978-2-7234-9982-8', 'Habitons bio ! ', '3', 'normal', '31_3', 43, '05/2014', '', 'Couleur', 31, 16),
('978-2-7493-0517-2', 'Tome 7', '7', 'normal', '34_7', 44, '09/2010', '', 'Couleur', 34, 25),
('978-2-7493-0607-4', 'Tome 8', '8', 'normal', '34_8', 44, '10/2014', '', 'Couleur', 34, 25),
('978-2-7560-1319-0', 'Le Cheval qui murmurait à l\'oreille de Sherlock Holmes', '5', 'normal', '', 46, '08/2008', '', 'Couleur', 79, 7),
('978-2-7560-5020-1', 'Panique à New York', '1', 'comics', '29_1', 94, '08/2014', '', 'Couleur', 29, 24),
('978-2-7560-5021-8', 'Un flirt avec la mort', '2', 'comics', '29_2', 84, '11/2014', 'Walter Peck, l\'ennemi intime des Ghostbusters est désormais le chef du PCOC (la Commission de Surveillance des Contrats Paranormaux) et il est bien décidé à leur pourrir la vie ! Utilisant les petites', 'Couleur', 29, 24),
('978-2-7560-5032-4 ', 'tome 1', '1', 'manga', '63_1', 128, '05/2014', 'Chantez avec eux autour du piano de Schroeder, jouez au baseball avec Charlie Brown, écoutez Lucy qui a un avis sur tout, écrivez des romans avec Snoopy et apprenez le véritable sens de No‘l avec Linu', 'Couleur', 63, 7),
('978-2-7560-5033-1', 'tome 2', '2', 'manga', '63_2', 128, '09/2014', 'Tous les Peanuts sont au rendez-vous de ce deuxième recueil entièrement remastérisé, doté d\'une nouvelle traduction des pages du dimanche des années 1972 & 1973 ! Schroeder et son piano, poursuivi par', 'Couleur', 63, 7),
('978-2-7560-5230-4 ', 'tome 3', '3', 'manga', '63_3', 128, '11/2014', '', 'Couleur', 63, 7),
('978-2-7560-5236-6', 'tome 4', '4', 'manga', '63_4', 128, '03/2015', '', 'Couleur', 63, 7),
('978-2-7560-5237-3', 'tome 5', '5', 'manga', '63_5', 128, '09/2015', '', 'Couleur', 63, 7),
('978-2-7560-5238-0', 'tome 6', '6', 'manga', '63_6', 128, '06/2016', '', 'Couleur', 63, 7),
('978-2-7560-6807-7', 'Spectres à gogo', '3', 'comics', '29_3', 82, '10/2015', '', 'Couleur', 29, 24),
('978-2-8001-3859-6', 'Fais de beaux rêves', '13', 'normal', '54_13', 44, '09/2007', '', 'Couleur', 54, 8),
('978-2-8001-3879-4', 'Crapule King Size', '6', 'normal', '53_6', 45, '08/2006', '', 'Couleur', 53, 8),
('978-2-8001-3882-4', 'L\'apprentie sorcière', '15', 'normal', '49_15', 44, '05/2007', '', 'Couleur', 49, 8),
('978-2-8001-3918-0', 'A l\'eau police', '26', 'normal', '3_26', 44, '10/2007', '', 'Couleur', 3, 8),
('978-2-8001-3949-4', 'Le retour de la momie qui pue qui tue', '11', 'normal', '36_11', 44, '10/2007', '', 'Couleur', 36, 8),
('978-2-8001-4018-6', 'Elle est moche !', '22', 'normal', '16_22', 46, '03/2008', '', 'Couleur', 16, 8),
('978-2-8001-4034-6', 'Ballet enchanté', '16', 'normal', '49_16', 44, '05/2008', '', 'Couleur', 49, 8),
('978-2-8001-4036-0', 'Tête à claques', '7', 'normal', '53_7', 45, '04/2007', '', 'Couleur', 53, 8),
('978-2-8001-4050-6', 'Aux sources du Z', '50', 'normal', '64_50', 54, '11/2008', '', 'Couleur', 64, 8),
('978-2-8001-4324-8', 'Bien fait pour toi !', '14', 'normal', '54_14', 44, '01/2009', '', 'Couleur', 54, 8),
('978-2-8001-4327-9', 'Né pour nuire', '8', 'normal', '53_8', 45, '01/2008', '', 'Couleur', 53, 8),
('978-2-8001-4377-4', 'Je veux l\'épouser !', '23', 'normal', '16_23', 46, '03/2009', '', 'Couleur', 16, 8),
('978-2-8001-4399-6', 'Sang pour sang', '17', 'normal', '49_17', 46, '05/2009', '', 'Couleur', 49, 8),
('978-2-8001-4481-8', 'Alerte aux Zorkons', '51', 'normal', '64_51', 54, '09/2010', '', 'Couleur', 64, 8),
('978-2-8001-4581-5', 'Les archives de la gaffe', '1', 'normal', '28_1', 46, '11/2009', '', 'Couleur', 28, 8),
('978-2-8001-4582-2', 'Gaffes à gogo', '2', 'normal', '28_2', 46, '11/2009', '', 'Couleur', 28, 8),
('978-2-8001-4583-9', 'Les gaffes d\'un gars gonflé', '3', 'normal', '28_3', 46, '11/2009', '', 'Couleur', 28, 8),
('978-2-8001-4584-6', 'Gala de gaffes', '4', 'normal', '28_4', 46, '11/2009', '', 'Couleur', 28, 8),
('978-2-8001-4585-3', 'Le bureau des gaffes en gros', '5', 'normal', '28_5', 46, '11/2009', '', 'Couleur', 28, 8),
('978-2-8001-4586-0', 'Gare aux gaffes', '6', 'normal', '28_6', 46, '11/2009', '', 'Couleur', 28, 8),
('978-2-8001-4587-7', 'Des gaffes et des dégâts', '7', 'normal', '28_7', 46, '11/2009', '', 'Couleur', 28, 8),
('978-2-8001-4588-4', 'Rafales de gaffes', '8', 'normal', '28_8', 46, '11/2009', '', 'Couleur', 28, 8),
('978-2-8001-4589-1', 'Un gaffeur sachant gaffer', '9', 'normal', '28_9', 46, '11/2009', '', 'Couleur', 28, 8),
('978-2-8001-4590-7', 'Lagaffe nous gâte', '10', 'normal', '28_10', 46, '11/2009', '', 'Couleur', 28, 8),
('978-2-8001-4591-4', 'Le repos du gaffeur', '11', 'normal', '28_11', 46, '11/2009', '', 'Couleur', 28, 8),
('978-2-8001-4592-1', 'Le cas Lagaffe', '12', 'normal', '28_12', 46, '11/2009', '', 'Couleur', 28, 8),
('978-2-8001-4593-8', 'Le géant de la gaffe', '13', 'normal', '28_13', 46, '11/2009', '', 'Couleur', 28, 8),
('978-2-8001-4594-5', 'Gaffes, bévues et boulettes', '14', 'normal', '28_14', 46, '11/2009', '', 'Couleur', 28, 8),
('978-2-8001-4595-2', 'Le gang des gaffeurs', '15', 'normal', '28_15', 46, '11/2009', '', 'Couleur', 28, 8),
('978-2-8001-4596-9', 'Lagaffe mérite des baffes', '16', 'normal', '28_16', 46, '11/2009', '', 'Couleur', 28, 8),
('978-2-8001-4597-6', 'La saga des gaffes', '17', 'normal', '28_17', 46, '11/2009', '', 'Couleur', 28, 8),
('978-2-8001-4599-0', 'Fauve qui peut !', '27', 'normal', '3_27', 44, '11/2009', '', 'Couleur', 3, 8),
('978-2-8001-4625-6', 'Fainéant génétique', '9', 'normal', '53_9', 45, '01/2009', '', 'Couleur', 53, 8),
('978-2-8001-4646-1', 'J\'ai gagné !', '24', 'normal', '16_24', 46, '03/2010', '', 'Couleur', 16, 8),
('978-2-8001-4692-8', 'Malédiction', '18', 'normal', '49_18', 48, '05/2010', '', 'Couleur', 49, 8),
('978-2-8001-4707-9', 'Tiens-toi droit !', '15', 'normal', '54_15', 44, '11/2010', '', 'Couleur', 54, 8),
('978-2-8001-4734-5', 'Cyclone destroy', '10', 'normal', '53_10', 45, '01/2010', '', 'Couleur', 53, 8),
('978-2-8001-4756-7', 'Effet monstre', '28', 'normal', '3_28', 44, '11/2012', 'Certes, il est un peu enveloppé, mais il ne faut pas s\'y fier : l\'agent 212 a l\'oeil, et le bon ! Gare aux mal-garés, ils seront verbalisés sans pitié. Fussent-ils prêtres, ils ne passeront pas entre ', 'couleur', 3, 8),
('978-2-8001-4775-8', 'Le Septième Code', '25', 'normal', '71_25', 44, '11/2010', '', 'Couleur', 71, 8),
('978-2-8001-4852-6', 'Qu\'est-ce qu\'il a ?', '25', 'normal', '16_25', 46, '03/2011', '', 'Couleur', 16, 8),
('978-2-8001-4862-5', 'Le maléfice de l\'améthyste', '26', 'normal', '71_26', 44, '11/2012', '', 'Couleur', 71, 8),
('978-2-8001-4994-3', 'L\'élixir de jouvence', '19', 'normal', '49_19', 48, '04/2011', '', 'Couleur', 49, 8),
('978-2-8001-5055-0', 'Fléau sans frontière', '11', 'normal', '53_11', 45, '01/2011', '', 'Couleur', 53, 8),
('978-2-8001-5064-2', 'La face cachée du Z', '52', 'normal', '64_52', 47, '10/2011', '', 'Couleur', 64, 8),
('978-2-8001-5156-4', 'Forcément coupable', '12', 'normal', '53_12', 45, '06/2011', '', 'Couleur', 53, 8),
('978-2-8001-5159-5', 'T\'es gonflé', '16', 'normal', '54_16', 44, '11/2012', '', 'Couleur', 54, 8),
('978-2-8001-5160-1', 'coup d\'envoi', '1', 'normal', '', 68, '01/2013', '', 'Couleur', 81, 8),
('978-2-8001-5194-6', 'Graine de star', '26', 'normal', '16_26', 46, '03/2012', '', 'Couleur', 16, 8),
('978-2-8001-5434-3', 'Dans les griffes de la vipère', '53', 'normal', '64_53', 46, '01/2013', '', 'Couleur', 64, 8),
('978-2-8001-5679-8', 'Le tournoi de magie', '21', 'normal', '49_21', 48, '05/2012', '', 'Couleur', 49, 8),
('978-2-8001-5726-9', 'Caline et Calebasse Les Mousquetaires', '1', 'normal', '50_1', 44, '01/1972', '', 'Couleur', 50, 8),
('978-2-8001-5730-6', 'Face à face', '2', 'normal', '', 56, '06/2013', '', 'Couleur', 81, 8),
('978-2-8001-5741-2', 'Si seulement...', '3', 'normal', '', 48, '04/2014', '', 'Couleur', 81, 8),
('978-2-8001-5992-8', 'L\'Agent tous risques', '29', 'normal', '3_29', 44, '03/2016', '', 'couleur', 3, 8),
('978-2-8001-6030-6', 'Cancrelune', '22', 'normal', '49_22', 48, '04/2014', '', 'Couleur', 49, 8),
('978-2-8001-6334-5', 'L\'espoir fait vivre ', '4', 'normal', '', 54, '09/2015', '', 'Couleur', 81, 8),
('978-2-8001-6704-6', 'Les phoenix', '5', 'normal', '', 56, '11/2017', '', 'Couleur', 81, 8),
('978-2-8001-7013-8', 'La fille du Z', '1', 'normal', '', 62, '06/2017', '', 'Couleur', 80, 8),
('978-2-8001-7413-6', 'Intégrale de la saison 1 ', '0', 'normal', '', 264, '11/2017', '', 'Couleur', 81, 8),
('978-2-8001-7421-1 ', 'L\'apprenti méchant', '2', 'normal', '', 62, '09/2018', '', 'Couleur', 80, 8),
('978-2-8001-7487-7', 'Confrontations', '6', 'normal', '', 0, '10/2018', '', 'Couleur', 81, 8),
('978-2-8036-2118-7', 'Intégrale T1 (T1 à 4)', '1', 'normal', '32_1', 108, '04/2007', '', 'Couleur', 32, 14),
('978-2-8036-2119-4', 'Intégrale T2 (T5 à 8)', '2', 'normal', '32_2', 187, '09/2007', '', 'Couleur', 32, 14),
('978-2-8036-2173-6', 'Intégrale T3 (T9 à 12)', '3', 'normal', '32_3', 188, '12/2007', '', 'Couleur', 32, 14),
('978-2-8036-2251-1', 'C\'est parti, mon génie !', '37', 'normal', '39_37', 46, '03/2007', '', 'Couleur', 39, 14),
('978-2-8036-2379-2', 'Y a-t-il un génie pour sauver la planète', '38', 'normal', '39_38', 46, '03/2008', '', 'Couleur', 39, 14),
('978-2-8036-2382-2', 'Les Schtroumpfs et le Livre qui dit tout', '26', 'normal', '60_26', 44, '01/2008', '', 'Couleur', 60, 14),
('978-2-8036-2394-5', 'Mon copain est un microbe', '1', 'normal', '26_1', 48, '05/2008', '', 'Couleur', 26, 14),
('978-2-8036-2507-9', 'Loué soit le génie', '39', 'normal', '39_39', 46, '03/2009', '', 'Couleur', 39, 14);
INSERT INTO `livre` (`isbn_livre`, `titre_livre`, `numTome_livre`, `format_livre`, `image_livre`, `nbPages_livre`, `dateParution_livre`, `commentaire_livre`, `couleur_livre`, `serie_id`, `editeur_id`) VALUES
('978-2-8036-2521-5', 'Schtroumpf les Bains', '27', 'normal', '60_27', 44, '04/2009', '', 'Couleur', 60, 14),
('978-2-8036-2527-7', 'Sam le repoussant', '2', 'normal', '26_2', 44, '06/2009', '', 'Couleur', 26, 14),
('978-2-8036-2633-5', 'Pépé Bestiole', '3', 'normal', '26_3', 48, '08/2010', '', 'Couleur', 26, 14),
('978-2-8036-2648-9', 'La Grande Schtroumpfette', '28', 'normal', '60_28', 44, '04/2010', '', 'Couleur', 60, 14),
('978-2-8036-2683-0', 'Trésor de génie', '40', 'normal', '39_40', 46, '03/2010', '', 'Couleur', 39, 14),
('978-2-8036-2796-7', 'Génie du stop', '41', 'normal', '39_41', 46, '03/2011', '', 'Couleur', 39, 14),
('978-2-8036-2804-9', 'Bidule', '1', 'normal', '10_1', 44, '04/2011', 'Que fait Bidule, le neveu de Cubitus, lorsqu\'il ne squatte pas les planches de son tonton ? Eh bien, il est pensionnaire d\'une clinique vétérinaire, tenue par un jeune couple qui essaie tant bien que ', 'Couleur', 10, 14),
('978-2-8036-2805-6', 'Dr™le de chien!', '2', 'normal', '10_2', 44, '09/2011', '', 'Couleur', 10, 14),
('978-2-8036-2807-0', 'Les Schtroumpfs et l\'Arbre d\'or', '29', 'normal', '60_29', 44, '04/2011', '', 'Couleur', 60, 14),
('978-2-8036-2826-1', 'Le pays des cailloux qui marchent', '4', 'normal', '26_4', 48, '06/2012', '', 'Couleur', 26, 14),
('978-2-8036-2960-2', 'Le génie des grandeurs', '42', 'normal', '39_42', 46, '02/2012', '', 'Couleur', 39, 14),
('978-2-8036-3052-3', 'Les Schtroumpfs de l\'ordre', '30', 'normal', '60_30', 44, '03/2012', '', 'Couleur', 60, 14),
('978-2-8036-3108-7', 'Super-génie', '43', 'normal', '39_43', 46, '10/2012', 'Léonard, son indispensable disciple, Mathurine et Raoul en ont assez de jouer les redresseurs de tort pour tous, d\'en prendre plein la figure et de se faire ratatiner constamment par des brutes en tou', 'Couleur', 39, 14),
('978-2-8036-3131-5', 'Lavis des bêtes', '1', 'normal', '17_1', 48, '04/2012', '', 'Couleur', 17, 14),
('978-2-8036-3276-3', 'Tour de génie', '44', 'normal', '39_44', 46, '06/2013', '', 'Couleur', 39, 14),
('978-2-8036-3412-5', 'Génie de l\'insomnie', '45', 'normal', '39_45', 46, '04/2014', '', 'Couleur', 39, 14),
('978-2-8036-3494-1', 'Cubitus a tout inventé !', '10', 'normal', '22_10', 46, '01/2015', '', 'Couleur', 22, 14),
('978-2-8036-3588-7', 'Le génie cruève l\'écran', '46', 'normal', '39_46', 46, '07/2015', 'Léonard n\'est jamais à court d\'inventivité et toujours à la pointe de la technologie. Cette fois, il invente la TV 3D sans lunettes et c\'est bien sér Basile, son disciple, qui sert une fois de plus de', 'Couleur', 39, 14),
('978-2-8036-7015-4', 'Master Génie', '47', 'normal', '39_47', 44, '08/2016', '', 'Couleur', 39, 14),
('978-2-8094-3411-8', 'Alliés mortels', '2', 'comics', '70_2', 72, '07/3012', 'Que prépare Cr‰ne Rouge maintenant qu\'il a hérité du cerveau de Charles Xavier ? Les nouveaux Uncanny Avengers aimeraient bien le découvrirÉ Coups de thé‰tre et disparitions inattendues sont au menu d', 'Couleur', 70, 19),
('978-2-8094-3527-6', 'A+X', '3', 'comics', '70_3', 72, '08/2013', 'Le plan de Cr‰ne Rouge se met en oeuvre et les Uncanny Avengers se rassemblent pour la première fois ! La mort guette nos héros dans Avengers Arena ! La Panthère Noire et Tornade décident de la suite ', 'Couleur', 70, 19),
('978-2-8094-3750-8', 'Une folle ambiance', '5', 'comics', '70_5', 72, '10/2013', 'Deux épisodes d\'Uncanny Avengers par Rick Remender associé à de nouveaux dessinateurs, Coipel et Acu–a. Ë cette occasion, de nouvelles recrues arrivent et Thor affronte Apocalypse. En outre, nous déco', 'Couleur', 70, 19),
('978-2-8094-3768-3 ', 'Le pion prend le roi', '6', 'comics', '70_6', 72, '11/2013', 'Remender et Kubert entraînent les Uncanny Avengers dans l\'ère d\'Ultron. Plus, deux épisodes d\'Avengers Arena qui nous révèlent enfin comment Arcade est devenu si puissant. Les jeunes héros vivent de n', 'Couleur', 70, 19),
('978-2-8094-3792-8', 'Ragnarok now !', '7', 'comics', '70_7', 72, '12/2013', '', 'Couleur', 70, 19),
('978-2-8094-3810-9', 'L\'arnaque', '8', 'comics', '70_8', 72, '01/2014', '', 'Couleur', 70, 19),
('978-2-8094-3923-6', 'Le grand jeu', '9', 'comics', '70_9', 72, '02/2014', '', 'Couleur', 70, 19),
('978-2-8189-0035-2', 'tome 3', '3', 'manga', '67_3', 179, '09/2010', 'Cecily est convoquée par le bourgmestre de la ville qui lui confie la protection d\'Aria, une épée enchantée ayant pris la forme d\'une jeune femme. Cecily et Aria se rendent au marché où doit avoir li', 'Noir et Blanc', 67, 4),
('978-2-8189-0037-6', 'Lance à incident', '10', 'normal', '42_10', 46, '10/2010', '', 'Couleur', 42, 4),
('978-2-8189-0038-3', 'Tome 1', '1', 'normal', '43_1', 46, '10/2010', '', 'Couleur', 43, 4),
('978-2-8189-0176-2', 'tome 4', '4', 'manga', '67_4', 179, '01/2011', '', 'Noir et Blanc', 67, 4),
('978-2-8189-0573-9', 'Panneau-Rama', '8', 'normal', '6_8', 48, '05/2011', '', 'Couleur', 6, 4),
('978-2-8189-0697-2', 'tome 5', '5', 'manga', '67_5', 192, '08/2011', 'Cecily se voit confier la protection de Siegfried, le capitaine des chevaliers de l\'Empire. La jeune fille se chamaille avec Luke et apprend la vérité sur la naissance de Lisa pendant sa mission. Sieg', 'Noir et Blanc', 67, 4),
('978-2-8189-0699-6', 'Buzz scolaire', '14', 'normal', '56_14', 44, '11/2011', '', 'Couleur', 56, 4),
('978-2-8189-0708-5', 'Flammes au volant', '11', 'normal', '42_11', 46, '11/2011', '', 'Couleur', 42, 4),
('978-2-8189-0711-5', 'Tome 2 ', '2', 'normal', '43_2', 46, '02/2012', '', 'Couleur', 43, 4),
('978-2-8189-0830-3', 'tome 6', '6', 'manga', '67_6', 168, '06/2012', '', 'Noir et Blanc', 67, 4),
('978-2-8189-2136-4', 'Bulletin météo', '15', 'normal', '56_15', 44, '11/2012', '', 'Couleur', 56, 4),
('978-2-8189-2151-7', 'Pilier de barre ', '12', 'normal', '42_12', 46, '10/2012', '', 'Couleur', 42, 4),
('978-2-8189-2224-8', 'tome 7', '7', 'manga', '67_7', 167, '04/2013', '', 'Noir et Blanc', 67, 4),
('978-2-8189-2461-7', 'tome 8', '8', 'manga', '67_8', 174, '06/2014', '', 'Noir et Blanc', 67, 4),
('978-2-8189-2492-1', 'Feu de tout bois', '13', 'normal', '42_13', 46, '10/2013', '', 'Couleur', 42, 4),
('978-2-8189-2531-7', '1,2,3 rentrée !', '16', 'normal', '56_16', 44, '11/2013', '', 'Couleur', 56, 4),
('978-2-8189-2663-5', 'Autant en emporte la deuche', '8', 'normal', '40_8', 44, '04/2014', '', 'Couleur', 40, 4),
('978-2-8189-3170-7', 'Flammes and Co', '14', 'normal', '42_14', 46, '10/2014', '', 'Couleur', 42, 4),
('978-2-8189-3367-1', 'tome 9', '9', 'manga', '67_9', 144, '10/2015', '', 'Noir et Blanc', 67, 4),
('978-2-8189-3623-8', 'tome 1', '1', 'manga', '66_1', 192, '06/2016', 'Naofumi est projeté dans un monde proche en tout lieu dÕun jeu de rôle dÕheroic fantasy. Mais alors que d\'autres héros ont été dotés d\'armes offensives redoutables, Naofumi hérite d\'un bouclier aux ca', 'Noir et Blanc', 66, 4),
('978-2-86497-153-5', 'Asterix la rentree Gauloise', '32', 'normal', '5_32', 44, '07/2003', '', 'Couleur', 5, 1),
('978-2-86497-230-3', 'L\'anniversaire d\'Asterix et Obelix', '34', 'normal', '5_34', 44, '10/2009', '', 'Couleur', 5, 1),
('978-2-87097-087-4', 'Le sanctuaire du Gondwana', '18', 'normal', '12_18', 54, '03/2008', '', 'Couleur', 12, 5),
('978-2-87097-115-4', 'La malédiction des trentes deniers T1', '19', 'normal', '12_19', 54, '11/2009', '', 'Couleur', 12, 5),
('978-2-87097-118-5', 'La malédiction des trentes deniers T2', '20', 'normal', '12_20', 54, '11/2010', '', 'Couleur', 12, 5),
('978-2-87097-164-2', 'Le serment des cinq Lords', '21', 'normal', '12_21', 62, '11/2012', '', 'Couleur', 12, 5),
('978-2-87097-189-5', 'L\'onde Septimus', '22', 'normal', '12_22', 66, '12/2013', '', 'Couleur', 12, 5),
('978-2-87129-956-1', 'tome 3', '3', 'manga', '25_3', 189, '05/2006', '', 'Noir et Blanc', 25, 12),
('978-2-87129-957-8', 'tome 4', '4', 'manga', '25_4', 189, '07/2008', 'Les aventures de Nobita se poursuivent au rythme des inventions fournies par Doraemon : l\'appareil photo maudit fera subir bien des tourments à nos amis, quant au mensonge qui dit vrai, il permettra à', 'Noir et Blanc', 25, 12),
('978-2-87129-958-5', 'tome 5', '5', 'manga', '25_5', 189, '03/2008', '', 'Noir et Blanc', 25, 12),
('978-2-8739-3062-2', 'Chaminou et le Khrompire', '1', 'normal', '18_1', 60, '01/1965', '', 'Couleur', 18, 8),
('978-2-88471-237-8', 'Bêtisier T7 : Sur le pied de guerre', '17', 'normal', '57_17', 46, '02/2008', '', 'Couleur', 57, 6),
('978-2-88471-253-8', 'Bêtisier T8 : Chien d\'arrêt', '18', 'normal', '57_18', 46, '02/2009', '', 'Couleur', 57, 6),
('978-2-88471-275-0', 'Morts de Rire', '19', 'normal', '57_19', 46, '03/2010', '', 'Couleur', 57, 6),
('978-2-88471-294-1', 'Carré d\'os', '20', 'normal', '57_20', 48, '02/2011', '', 'Couleur', 57, 6),
('978-2-88890-658-2', 'La Vieille dame', '7', 'normal', '48_7', 46, '10/2014', '', 'Couleur', 48, 20),
('978-2-918-67402-3', 'Mind Snapper Dragon, Génie de l\'analyse', '0', 'manga', '72_0', 0, '08/2016', 'Suivez la vie déjantée de Mungkorn (alias Dragon), lycéen tha• un peu spécialÉ car hyper-doué en psychologie, il trouve un malin plaisir à analyser les comportements et mensonges de son entourage dans', 'Quadrichromie', 72, 18),
('978-2-930618-07-4', 'Panik Room', '12', 'normal', '36_12', 44, '08/2011', '', 'Couleur', 36, 16),
('978-2-930618-21-0', 'Vert un jour, vert toujours', '1', 'normal', '31_1', 44, '05/2012', 'Après une baignade dans un lac radioactif, le pelage de Grrreeny (avec trois R) est devenu vert. Depuis cet incident, le jeune tigre est sans doute devenu un peu plus agressif à lÕégard des braconnier', 'Couleur', 31, 16),
('978-2-930618-27-2', 'Slime Project', '13', 'normal', '36_13', 44, '11/2012', '', 'Couleur', 36, 16),
('978-2-930618-45-6', 'Un cadeau de la nature', '2', 'normal', '31_2', 47, '06/2013', '', 'Couleur', 31, 16),
('9782205071979', ' Bacalan', '1', 'Grand Format', '84_1', 79, '2014', 'Dans Paci, une trilogie dont voici le tome 1, Vincent Perriot raconte l\'histoire de Pacifique, un homme qui, alors qu\'il vient à peine de sortir de taule, est contacté par son ancien employeur pour reprendre son job de livreur de drogue... À peine sorti de prison, Pacifique, alias Paci, est contacté par son ancien boss, Ashram, pour reprendre son job de livreur de drogue en voiture. Mais il veut se ranger, ce qui n\'est pas du goût de tous. Les vieux réflexes reviennent, seule issue pour Paci : comprendre son passé pour mieux l\'affronter.', 'Couleur', 84, 6),
('9782205072396', 'Calais ', '2', 'Grand Format', '84_2', 90, '2014', 'Des mois ont passé. Paci et Miguy sont à Calais. Elle a un boulot qu\'elle déteste, avec un patron trop collant et raciste. Elle s\'est mise à boire un peu trop. Elle aime Paci, mais ses retours tardifs et ses absences la font souffrir. Il travaille dans une boîte de nuit. Enfin, c\'est ce qu\'il dit. En vérité, il est de retour dans le business de la drogue, sous les ordres d\'Ashram, son ancien patron. Il a un but, mais il ne peut en parler à personne. Pas même à l\'amour de sa vie. Trop dangereux.', 'Couleur', 84, 6),
('9782205073812', 'Rwanda', '3', 'Grand Format', '84_3', 86, '2015', 'Miguy n’aurait pas dû venir chercher Paci dans la boîte de nuit où il « travaille ». Paci tient à cette femme plus que tout, mais il n’a pas le temps de s’occuper d’elle, pas maintenant. Il doit d’abord finir de liquider son passé de trafiquant qui lui colle à la peau. Une seule solution : faire imploser l’empire d’Ashram, son ancien boss. Une mission-course poursuite où il y aura des morts, beaucoup de morts…', 'Couleur', 84, 6),
('9782344059357', 'Shérif Adjointe', '1', 'Manga', '85_1', 80, '2024', 'Naya Pika, une héroïne à cheval entre deux cultures, prête à dégainer !Quand elles s\'installent à Espérance-Ville en plein Far West avec un convoi de pionniers, Naya Pika, sa mère Nora et leur ponette Crotte-de-Nez sont loin d\'imaginer ce qui les attend. Dans cette ville apparemment tranquille, des cambriolages ont été constatés et on soupçonne une famille d\'ours d\'être à l\'origine du complot ! Il n\'en fallait pas moins pour que Naya ne commence à mener l\'enquête, aidée de son nouvel ami Charles et ... d\'un soupçon de magie indienne ! ', 'Couleur', 85, 10),
('9782344059852', 'Thimothy la Terreur', '2', 'Manga', '85_2', 80, '2024', 'Naya Pika, une héroïne à cheval entre deux cultures, prête à dégainer !Rien ne va plus depuis que Timothy la terreur a débarqué à Espérance-Ville. Il sème la panique autour de lui, allant jusqu\'à saboter un chantier ! Ce garnement donne du fil à retordre à Naya Pika. Ce qui tombe plutôt mal car elle a déjà fort à faire pour réhabiliter son père Mato, accusé à tort d\'un crime qu\'il n\'a pas commis. Heureusement la jeune shérif adjointe peut compter sur ses amis, sur sa perspicacité et sa magie indienne pour démêler deux enquêtes à la fois ! ', 'Couleur', 85, 10),
('9782803671588', 'Mon papa est un génie !', '48', 'normal', '39_48', 44, '06/2017', 'La suite des aventures de la caricature de Léonard de Vinci qui invente les machines les plus incongrues et fait toutes sortes d\'expérimentations avec son fidèle Disciple.', 'Couleur', 39, 14),
('9782803672448', 'Génie militaire', '48', 'normal', '39_49', 44, '05/2018', '', 'Couleur', 39, 14),
('9782803673025', 'Génie, vidi, Vinci !', '50', 'normal', '39_50', 44, '04/2019', 'Attention, Léonard est de retour ! A l\'occasion du tome 50 et des 500 ans de la mort de Léonard De Vinci, son alter ego en BD lui rend hommage. Mais un hommage à la manière de Léonard, impliquant moult expérimentations douloureuses pour son disciple. Un dossier historique complète l\'album.', 'Couleur', 39, 14),
('9782803674657', 'Génie du crime', '51', 'normal', '39_51', 46, '05/2020', 'La suite des aventures de la caricature de Léonard de Vinci et de son fidèle Disciple, qui se livrent à toutes sortes d\'expérimentations. Ici, ils mettent au point le crime organisé.', 'Couleur', 39, 14),
('9782803677948', 'Vacances de génie', '52', 'normal', '39_52', 44, '06/2021', 'Si vous ne savez pas quoi faire pour vos prochaines vacances, pas d\'inquiétude : Léonard a quelques idées géniales ! À commencer par son pont invisible au coeur des Dolomites, imprimé en Pléoxiglas par une Vinci 3D. Puis le Genius Rock Festival, dont il est concepteur et organisateur. Et même l\'espace, grâce à l\'agence Space Léoliday ?!? Autant dire que Basile n\'est pas près de prendre congé. Du coup, il tente de devenir héros de BD réaliste en compagnie d\'un certain... Ric Hochet !', 'Couleur', 39, 14),
('9782803679560', 'Un amour de génie', '53', 'normal', '39_53', 44, '02/2022', 'Le saviez-vous ? Il fut un temps ? que les moins de quatre-vingts ans ne peuvent pas connaître ? où le cœur de Léonard vibra pour une autre que la Science. Mais le destin et le père de Giovanna en décidèrent autrement, et elle épousa un banquier plutôt que cet étrange jouvenceau. Heureusement, à cœur patient rien d\'impossible : Giovanna est à présent veuve et orpheline. Il est donc temps pour notre Génie de s\'attaquer sérieusement au plus profond des mystères : l\'Amour !', 'Couleur', 39, 14),
('9782808206419', 'Debout, génie !', '54', 'normal', '39_54', 44, '09/2023', 'Le cap du 54e album sera-t-il celui qui verra Léonard devenir un génie du mal ? Après tout, il voyage dans le temps, manie les armes à feu et possède une cohorte de robots... Que nenni ! Notre potentiel savant fou a décidé de se reprendre en main, et de se concentrer sur des inventions tout ce qu\'il y a de plus tranquille, comme le futon ou le football féminin. Et le monde de respirer : une nouvelle fois, la seule victime de Léonard sera Basile, car le service de la science est à ce prix !', 'Couleur', 39, 14),
('9782808206495', 'Génie circus', '55', 'normal', '39_55', 46, '09/2024', 'Après 54 albums, ça devait finir par arriver : Basile nous fait une petite déprime ! Il sert toujours la science, mais où est la joie ? Heureusement, désireux de sauver Mozzarella de l\'ennui, Léonard a eu une idée géniale qui vaut tous les anti-dépresseurs du monde : le cirque ! Prendre des tartes, des coups, affronter des fauves ou amuser la galerie ? le tout dans la joie ? ça, Basile, il sait faire. C\'est même un génie en la matière !', 'Couleur', 39, 14),
('979-1-02-681028-5', 'Numéro 5', '5', 'comics', '8_5', 127, '07/2016', '', 'Couleur', 8, 24),
('979-1-02-681033-9', 'Numéro 6', '6', 'comics', '8_6', 120, '08/2016', '', 'Couleur', 8, 24),
('979-1-02-681071-1', 'Harley Quinn', 'HS02', 'comics', '8_hs02', 128, '07/2016', '', 'Couleur', 8, 24),
('979-1-09-161055-1', 'Tome 1', '1', 'manga', '58_1', 174, '07/2014', 'Sakamoto est le lycéen le plus cool que vous n\'ayez jamais rencontré ! Agissant avec panache, il provoque autant l\'admiration que la jalousie parmi ses camarades. D\'une nature calme, il devra au quoti', 'Couleur', 58, 13),
('979-1-09-161071-1 ', 'Tome 2', '2', 'manga', '58_2', 188, '10/2014', 'Encore plus fort, plus classe et plus impressionnant, Sakamoto va devoir faire face à l\'admiration de la mère de Kubota et à l\'agacement du professeur Kakuta. Il jouera également au secouriste de l\'ex', 'Couleur', 58, 13),
('979-1-09-161096-4', 'Tome 3', '3', 'manga', '58_3', 212, '07/2015', 'Issu du nouveau magazine éclectique Harta, SAKAMOTO va vous surprendre par son humour et sa fraîcheur communicative !Car SAKAMOTO pour vous servir ! est une série à prendre au second degré.Incroyablem', 'Couleur', 58, 13);

-- --------------------------------------------------------

--
-- Structure de la table `news`
--

DROP TABLE IF EXISTS `news`;
CREATE TABLE IF NOT EXISTS `news` (
  `id` int NOT NULL AUTO_INCREMENT,
  `titre` varchar(255) CHARACTER SET utf8mb3 COLLATE utf8mb3_bin NOT NULL,
  `contenu` text CHARACTER SET utf8mb3 COLLATE utf8mb3_bin NOT NULL,
  `auteur_id` int DEFAULT NULL,
  `date_creation` timestamp NULL DEFAULT CURRENT_TIMESTAMP,
  `date_modif` timestamp NULL DEFAULT CURRENT_TIMESTAMP ON UPDATE CURRENT_TIMESTAMP,
  PRIMARY KEY (`id`),
  KEY `auteur_id` (`auteur_id`)
) ENGINE=InnoDB DEFAULT CHARSET=utf8mb3 COLLATE=utf8mb3_bin;

-- --------------------------------------------------------

--
-- Structure de la table `pages`
--

DROP TABLE IF EXISTS `pages`;
CREATE TABLE IF NOT EXISTS `pages` (
  `id` int NOT NULL AUTO_INCREMENT,
  `titre` varchar(255) CHARACTER SET utf8mb3 COLLATE utf8mb3_bin NOT NULL,
  `url` varchar(255) CHARACTER SET utf8mb3 COLLATE utf8mb3_bin NOT NULL,
  `contenu` text CHARACTER SET utf8mb3 COLLATE utf8mb3_bin NOT NULL,
  `date_creation` timestamp NULL DEFAULT CURRENT_TIMESTAMP,
  `date_modification` timestamp NULL DEFAULT CURRENT_TIMESTAMP ON UPDATE CURRENT_TIMESTAMP,
  PRIMARY KEY (`id`),
  UNIQUE KEY `url` (`url`)
) ENGINE=InnoDB DEFAULT CHARSET=utf8mb3 COLLATE=utf8mb3_bin;

-- --------------------------------------------------------

--
-- Structure de la table `participants`
--

DROP TABLE IF EXISTS `participants`;
CREATE TABLE IF NOT EXISTS `participants` (
  `festival` int NOT NULL,
  `auteur` int NOT NULL,
  `texte` text CHARACTER SET utf8mb3 COLLATE utf8mb3_bin NOT NULL,
  PRIMARY KEY (`festival`,`auteur`),
  KEY `festival` (`festival`,`auteur`),
  KEY `auteur` (`auteur`)
) ENGINE=InnoDB DEFAULT CHARSET=utf8mb3 COLLATE=utf8mb3_bin;

--
-- Déchargement des données de la table `participants`
--

INSERT INTO `participants` (`festival`, `auteur`, `texte`) VALUES
(2024, 4, 'Il rêve d\'être auteur et dessinateur. Sa rencontre avec Jean-louis Pesch marque pour lui un tournant.Son désir est de continuer à vous fairepartager et vivre de nouvelles aventures dans le monde enchanteur et bucolique de Sylvain et Sylvette. Il a fait plusieurs albums avec Bélom ou Jean-Louis Pesch.'),
(2024, 11, 'Mettant son humour au profit de nombreuses séries phares telles que Les Sisters, Les Pompiers et Les Petits Mythos; il a plus récemment, signé le scénario d’Amy pour la vie et du Zoo des animaux disparus.'),
(2024, 38, 'J\'ai appris à lire avec Astérix, et à cinq ans je voulais être dessinatrice de BD. A force de petits boulots, de festivals, de rencontres, elle a réussi à se faire repérer par le magazine Spirou puis par Glénat, qui lui a confié la réalisation d\'un album.'),
(2024, 45, 'Un des scénaristes de BD les plus prolifiques de sa génération.A l’occasion de la sortie de Madeleine, résistante chez Dupuis en 2022, Jean-David Morvan est récompensé par le prestigieux Prix René-Goscinny.'),
(2024, 55, 'Tebo est né à Caen, en juin 1972. Il décide de devenir dessinateur en découvrant la BD de super-héros, les X-Mens. À 18 ans, il se fait virer de son lycée (en BAC pro-vente) pour manque de motivations.'),
(2024, 61, 'Il ne fait pas que dans la bande dessinées. En 2006, Zep réalise le visuel du festival de musique Musiques en Stock.  En 2008, alors que sort le tome 12 de Titeuf, il scénarise un livre dessiné par Tébo. Au même moment, il scénarise deux nouvelles séries : Captain Biceps (dessin de Tébo), Les Chronokids (dessin de Stan et Vince). '),
(2024, 299, 'Il publie au Lombard, à partir de 2015, la série Les Enfants de la résistance, toujours avec Benoît Ers. Un récit basé sur de très rigoureuses recherches historiques où l\'auteur met en scène les aventures d\'une bande d\'enfants défiant l\'occupant nazi. Les Enfants de la résistance vaut à Dugomier un plébiscite des lecteurs de tous âges, mais aussi celui des médias et des enseignants. '),
(2024, 323, 'Il travaille pendant douze ans comme cadre bancaire, avant de se consacrer pleinement à l’écriture en 2004.En 2021, Hervé Richez accompagne Tiburce Oger pour son ambitieux projet Go west young man, suivi l\'année suivante d\'Indians !.'),
(2024, 347, 'Même s’il a toujours voulu dessiner, il ne se lance dans le monde de la bulle que vers l’âge de 21 ans. Après des études dans la section BD de l’École de Saint-Luc de Liège, il dessine chez Bamboo SOS Showbiz et Les Pompiers, Mafia Tuno. Il a également repris la série Garage Isidore chez Dupuis.'),
(2024, 366, 'Elle travaille chez elle à Tours, au pays de Rabelais. Curieuse, elle aime s\'exprimer avec humour et spontanéité comme le reflètent ses personnages. Sous son trait, prennent vie autant de séries à succès telles que \"Les Caprices de Louise\", \"Sami et Julie\" ou encore \"Énigmatique, mon cher Éric\"'),
(2025, 25, 'Il a créé chez \"Spirou\" Garage Isidore, Mélusine, Cactus Club et La tribu des Epithètes. Il signe également les gags deSuper-Mamie, Hervé T.T., Silence on tourne, ou Le Scrameustache : “Le bêtisier Galaxien”…'),
(2025, 47, 'En 2010, il se replonge dans la bande dessinée classique qu\'il aime tant, en illustrant les albums pour enfants \"P\'tit Boule et Bill\" et en signant son grand retour dans le Journal de Spirou avec \"Les Campbell\", dont le premier album paraît en 2014. Passé la quarantaine, Munuera n\'a rien perdu de son enthousiasme de pirate !'),
(2025, 49, 'Sa nouvelle série humoristique, \"Dad\", mettant en scène un père célibataire et ses quatre filles. Immédiatement plébiscité par les lecteurs, \"Dad\" connaît en mars 2015 la joie d\'un premier album, \"Filles à papa\", dont Nob assure scénario, dessin et couleurs.'),
(2025, 55, 'Pour la nouvelle formule de TCHÔ! en 2003, il s’associe avec Zep pour créer CAPTAIN BICEPS ! Véritable succès.  Parmi les albums que Tebo a réalisé, on peut citer : COMMENT DESSINER, IN CACA VERITAS, IN PIPI VERITAS et ALICE AU PAYS DES SINGES.'),
(2025, 61, 'Diplômé de l’Ecole des arts décoratifs de la Ville de Genève, il crée, en 1979, sa première revue intitulée Zep en l’honneur de Led Zeppelin. Vingt ans plus tard, son personnage de Titeuf imaginé en 1992, connaît un succès planétaire.'),
(2025, 288, 'Il s\'associe avec Yann en 1988 avec « Célestin Speculoos » chez Glénat.Il a également participé aux collectifs « Sales Petits Contes » chez Dupuis, où le même Yann parodiait les contes d\'Andersen.'),
(2025, 305, 'Ses premiers scénarios seront pour Eric Maltaite avec la série de récits complets de Nationale Zéro, dans SPIROU à partir de 1995.'),
(2025, 357, 'Coloriste de bande dessinée. Elle signe aussi sous le nom de Scarlett.  Elle a commencé sa carrière de coloriste en collaborant sur les albums du dessinateur Caza. '),
(2025, 365, 'En 2003, il entre à l\'école des beaux-arts d\'Angoulême. Il cumule un certain nombre de croquis sur la vie de la ville et s\'expérimente à de petits récits d\'aventures soutenus par le site internet communautaire \"Coconino\"'),
(2025, 366, 'Le dessin est le moyen d’expression qui lui est le plus naturel. Elle a suivi ses études dans la filière des arts graphiques. Elle vit et travaille à présent chez elle, à Tours, au pays de Rabelais. Elle a déjà publié des ouvrages chez Milan, Hatier, Lito, Actes Sud, Fleurus, Hachette…');

-- --------------------------------------------------------

--
-- Structure de la table `propositions`
--

DROP TABLE IF EXISTS `propositions`;
CREATE TABLE IF NOT EXISTS `propositions` (
  `numero` int NOT NULL AUTO_INCREMENT,
  `libelle` varchar(250) CHARACTER SET utf8mb3 COLLATE utf8mb3_bin NOT NULL,
  PRIMARY KEY (`numero`)
) ENGINE=InnoDB AUTO_INCREMENT=356 DEFAULT CHARSET=utf8mb3 COLLATE=utf8mb3_bin;

--
-- Déchargement des données de la table `propositions`
--

INSERT INTO `propositions` (`numero`, `libelle`) VALUES
(1, '14'),
(4, 'Irma'),
(5, 'Emma'),
(6, 'Gaston Lagaffe'),
(7, 'Fantasio'),
(8, 'Titeuf'),
(9, 'Homer Simpson'),
(10, 'Hadock le Capitaine'),
(12, 'Jacques Martin'),
(13, 'Van Hamme'),
(14, 'Uderzo'),
(15, 'Un chat'),
(16, 'Un chien'),
(17, 'Une souris'),
(18, 'Haroun El Poussah'),
(19, 'Haroun El Hefant'),
(20, 'Haroun El Bakr'),
(21, 'Moebius'),
(22, 'Jacques Tardi'),
(23, 'Jolly Lumper'),
(24, 'Rantanplan'),
(25, 'Joe'),
(26, 'Jaune'),
(27, 'Vert'),
(28, 'Noir'),
(29, 'Archibald'),
(30, 'Balthazar'),
(31, 'Hippolyte'),
(32, 'René Goscinny'),
(33, 'Franquin'),
(34, 'Steve Warson'),
(35, 'Steve Watson'),
(36, 'Mike Olfield'),
(37, 'Joann Sfar'),
(38, 'Blutch'),
(39, 'Lincoln'),
(40, 'Dickson'),
(41, 'Milou'),
(42, 'Snoopy'),
(43, 'L\'Étoile mystérieuse'),
(44, 'Tintin en Amérique'),
(45, 'Le Trésor de Rackham le Rouge'),
(46, 'Abdallah'),
(47, 'Abdulle'),
(48, 'Adbelahak'),
(49, 'Nestor'),
(50, 'Ernest'),
(51, 'Louis'),
(52, 'Madame Pinson'),
(53, 'Madame Martin'),
(54, 'Madame Lefranc'),
(55, 'Rhum'),
(56, 'Vodka'),
(57, 'Whisky'),
(58, 'Rue du Fox-Terrier'),
(59, 'Rue du Labrador'),
(60, 'Rue du Bouledogue'),
(61, 'Chicago'),
(62, 'Boston'),
(63, 'New York'),
(64, 'Greg'),
(65, 'Rome Antique'),
(66, 'Préhistoire'),
(67, 'Moyen-âge'),
(68, 'Sémaphore'),
(69, 'Sénéchal'),
(70, 'Ventenpoupe'),
(71, 'Filochard'),
(72, 'RouleTaBille'),
(73, 'Filament'),
(74, 'Joe'),
(75, 'William'),
(76, 'Averell'),
(77, 'Futu'),
(78, 'Vertignasse'),
(79, 'Cassius'),
(80, 'En riant'),
(81, 'En chantant'),
(82, 'En toussant'),
(83, 'Jon Arbuckle'),
(84, 'Jon Artman'),
(85, 'Jon Campbell'),
(86, 'Feydriva'),
(87, 'Helenia'),
(88, 'Feudeauva'),
(89, 'Une moto'),
(90, 'Un vélo'),
(91, 'Une Trotinette'),
(92, 'Journaliste'),
(93, 'Photographe'),
(94, 'Policier'),
(95, 'Bertand Labévue'),
(96, 'Gerard Menvussa'),
(97, 'Henri Golanbien'),
(98, 'Un écureuil'),
(99, 'Mélusine'),
(100, 'Capucine'),
(101, 'Eglantine'),
(102, 'Gaston Lagaffe'),
(103, 'Cédric'),
(104, 'Achille Talon'),
(105, 'Hôtesse de l’air'),
(106, '1929'),
(107, '1939'),
(108, '1949'),
(109, 'Groupe W'),
(110, 'W & Co'),
(111, 'L & W Group'),
(112, 'Astérix et Cléopâtre'),
(113, 'Astérix le Gaulois'),
(114, 'Le tour de Gaule'),
(115, 'Portugal'),
(116, 'Malte'),
(117, 'Chypre'),
(118, 'Miss Tinguette'),
(119, 'Miss Flannel'),
(120, 'Miss Tiger'),
(121, 'Gomu Gomu no Mi'),
(122, 'Ito Ito no Mi'),
(123, 'Mera Mera no Mi'),
(124, 'Gyûmaô et Vide'),
(125, 'Ten Shin Han et Pan'),
(126, 'Bardock et Gine'),
(127, 'Elrich'),
(128, 'Elric'),
(129, 'Emrik'),
(130, '10 ans'),
(131, '13 ans'),
(132, '16 ans'),
(133, 'Capricorne'),
(134, 'Bélier'),
(135, 'Taureau'),
(136, 'Thuncrow'),
(137, 'Rustyrose'),
(138, 'Kain Hikaru'),
(139, 'Fils adoptif'),
(140, 'Niveu adoptif'),
(141, 'Cousin adoptif'),
(142, 'Noël'),
(143, 'Hallowen'),
(144, 'Thanksgiving'),
(145, 'Baron'),
(146, 'Comte'),
(147, 'Viconte'),
(148, 'Ukobach'),
(149, 'Kuro'),
(150, 'Miketsu'),
(151, 'Sarada'),
(152, 'Himawari'),
(153, 'Rin'),
(154, 'Classe A'),
(155, 'Classe E'),
(156, 'Classe I'),
(157, 'APTX 4986'),
(158, 'APTX 4696'),
(159, 'APTX 4869'),
(160, 'Sinichi Kudo'),
(161, 'Sinichi Koudou'),
(162, 'Sinichi Cudou'),
(163, 'Mouri'),
(164, 'Bouri'),
(165, 'Souri'),
(166, '1994'),
(167, '1995'),
(168, '1996'),
(169, 'La magie'),
(170, 'Le jeux de cartes'),
(171, 'L’organisation de soirées Jet Set'),
(172, 'Sonoko'),
(173, 'Tonoko'),
(174, 'Saiko'),
(175, 'Gosho Aoyama'),
(176, ' Ai Haibara'),
(177, 'Paris'),
(178, 'Bruxelles'),
(179, 'Berlin'),
(180, 'Bruges'),
(181, 'Moustaches'),
(182, 'Chapeau'),
(183, 'Cannes'),
(184, 'Couleur du costume'),
(185, 'Gargamel'),
(186, 'Le grand Schtroumpf'),
(187, 'Le Schtroumpf Bricoleur'),
(188, 'La cigogne'),
(189, '542'),
(190, '342'),
(191, '442'),
(192, '242'),
(193, '100'),
(194, '104'),
(195, '106'),
(196, '108'),
(197, 'Puppy'),
(198, 'Poppy'),
(199, 'Kokky'),
(200, 'Kikki'),
(201, 'Maléfique'),
(202, 'Bénéfique'),
(203, 'Miss Tick'),
(204, 'Miss Carabosse'),
(205, 'Gontran Bonheur'),
(206, 'Gaston Bonheur'),
(207, 'Gontran Heureux'),
(208, 'Gaston Heureux'),
(209, 'Les Rapetou'),
(210, 'Les VoleTou'),
(211, 'Les RamasseTou'),
(212, 'Les ChipeTou'),
(213, 'Lili, Lulu, Zizi'),
(214, 'Lili, Lulu, Zazi'),
(215, 'Lili, Lola, Zizi'),
(216, 'Lili, Lola, Zaza'),
(217, 'Shanks'),
(218, 'Nami'),
(219, 'Gol D. Roger'),
(220, 'Luffy'),
(221, 'Bleu'),
(222, 'Rose'),
(223, 'Chine'),
(224, 'Japon'),
(225, 'Inde'),
(226, 'Mongolie'),
(227, 'Brûlés'),
(228, 'Assasinés'),
(229, 'Noyés'),
(230, 'Empoisonnés'),
(231, '12 ans'),
(232, '13 ans'),
(233, '14 ans'),
(234, '15 ans'),
(235, 'Devenir chasseur'),
(236, 'Devenir pêcheur'),
(237, 'Devenir magicien'),
(238, 'Devenir danseur'),
(239, 'Naruto'),
(240, 'One Piece'),
(241, 'Spy x Family'),
(242, 'My Hero Academia'),
(243, 'Demon Slayer'),
(244, 'Cacahuètes'),
(245, 'Pistaches'),
(246, 'Noix de Cajou'),
(247, 'Bonbons'),
(248, 'Cuisinière'),
(249, 'Institutrice'),
(250, 'Espionne'),
(251, 'Tueuse à gages'),
(252, 'Pouvoir Voler'),
(253, 'Téléphatie'),
(254, 'Faire des tours de magie'),
(255, 'Réussir les Cupcakes'),
(353, '30'),
(354, '15'),
(355, '21');

-- --------------------------------------------------------

--
-- Structure de la table `questions`
--

DROP TABLE IF EXISTS `questions`;
CREATE TABLE IF NOT EXISTS `questions` (
  `id` int NOT NULL AUTO_INCREMENT,
  `libelle` varchar(250) CHARACTER SET utf8mb3 COLLATE utf8mb3_bin NOT NULL,
  `theme` varchar(20) CHARACTER SET utf8mb3 COLLATE utf8mb3_bin NOT NULL,
  `image` varchar(30) CHARACTER SET utf8mb3 COLLATE utf8mb3_bin DEFAULT NULL,
  PRIMARY KEY (`id`)
) ENGINE=InnoDB AUTO_INCREMENT=153 DEFAULT CHARSET=utf8mb3 COLLATE=utf8mb3_bin;

--
-- Déchargement des données de la table `questions`
--

INSERT INTO `questions` (`id`, `libelle`, `theme`, `image`) VALUES
(2, 'Comment s\'appelle la camériste du \"Rossignol milanais\" ?', 'Bd', '2_0'),
(3, 'Mon expression fétiche est \"M\'enfin !\"', 'Bd', NULL),
(4, '\"Tchô !\" est ma marque de fabrique ..', 'Bd', NULL),
(5, ' À quel dessinateur doit-on le personnage d’Alix ?', 'Bd', '5_0'),
(6, 'Quel animal est Cubitus dans la BD de Dupa ?', 'Bd', '6_0'),
(7, 'Quel est le nom du calife dans « Iznogoud » ?', 'Bd', '7_0'),
(8, 'De quelle couleur est le gilet d’Achille Talon ?', 'Bd', NULL),
(9, 'À quel dessinateur doit-on le personnage d’Adèle Blanc-Sec ?', 'Bd', '9_0'),
(10, 'Quel est le nom du cheval de Lucky Luke ?', 'Bd', '10_0'),
(11, 'Quel est le prénom du capitaine Haddock ?', 'Bd', '11_0'),
(12, 'Quel auteur de BD a créé l’animal imaginaire le Marsupilami ?', 'Bd', '12_0'),
(13, 'Quel pilote américain est l’ennemi de Michel Vaillant dans « Le grand défi » ?', 'Bd', '13_0'),
(14, 'Avec Lewis Trondheim, à quel auteur de BD doit-on la série « Donjon » ?', 'Bd', '14_0'),
(15, 'Avec Chesterfield, quel est le nom du deuxième héros des Tuniques Bleues ?', 'Bd', '15_0'),
(16, 'Comment se nomme le chien fidèle de Tintin ?', 'Bd', '16_0'),
(17, 'Dans quelle aventure de Tintin, le journaliste rencontre-t-il pour la première fois le professeur Tournesol ?', 'Bd', '17_0'),
(18, 'Quel est le prénom du fils archigâté de l’émir ?', 'Bd', '18_0'),
(19, 'Comment se prénomme le valet du capitaine Haddock au château de Moulinsart ?', 'Bd', '19_0'),
(20, 'Quel est le nom de la concierge de l’immeuble de Tintin ?', 'Bd', '20_0'),
(21, 'Quel est l’alcool préféré du capitaine Haddock ?', 'Bd', '21_0'),
(22, 'Dans quelle rue Tintin habite-t-il ?', 'Bd', NULL),
(23, 'À quel dessinateur doit-on le personnage d’Achille Talon ?', 'Bd', '23_0'),
(24, 'Dans quelle ville américaine Tintin arrive-t-il dans l’album Tintin en Amérique ?', 'Bd', NULL),
(25, 'À quelle époque se déroulent les aventures d’Alix ?', 'Bd', '25_0'),
(26, 'Quel est le prénom du maître de Cubitus ?', 'Bd', '26_0'),
(27, 'Qui est le scénariste de la bande dessinée « Iznogoud » ?', 'Bd', '27_0'),
(28, 'Avec Croquignol et Ribouldingue, quel est le troisième larron de la bande des Pieds Nickelés ?', 'Bd', '28_0'),
(29, 'Quel Dalton est le plus grand et le plus bête dans la BD Lucky Luke ?', 'Bd', '29_0'),
(30, 'Quel Dalton est le plus petit et le plus ‘futé’ dans la BD Lucky Luke ?', 'Bd', '30_0'),
(31, 'Comment s’appelle le meilleur ami du petit Spirou ?', 'Bd', '31_0'),
(32, 'Dans « Lanfeust de Troy », comment fait-on avancer les Pétaures ?', 'Bd', '32_0'),
(33, 'Comment s’appelle le propriétaire de « Garfield » ?', 'Bd', '33_0'),
(34, 'Dans les « Chroniques de la Lune Noire », comment s’appelle la première compagne du héros, Wismerhill ?', 'Bd', '34_0'),
(35, 'Quel moyen de locomotion utilise « Little Kevin » ?', 'Bd', '35_0'),
(36, 'Quelle est la profession de Ric Hochet ?', 'Bd', '36_0'),
(37, 'Qui est l’ami asiatique de Gaston Lagaffe ?', 'Bd', '37_0'),
(38, 'Quel animal est Spip, le compagnon de Spirou ?', 'Bd', NULL),
(39, 'Comment s’appelle la jeune sorcière, dans la BD du même nom, créée par François Gilson et Clarke ?', 'Bd', '39_0'),
(40, 'Quel héros de BD a un chat et une mouette rieuse ?', 'Bd', '40_0'),
(41, 'Quel est le métier de Natacha, dans la BD éponyme ?', 'Bd', '41_0'),
(42, 'En quelle année est sorti le premier « Tintin » ?', 'Bd', NULL),
(43, 'Comment s’appelle l’empire de « Largo Winch » ?', 'Bd', NULL),
(44, 'Quel est le titre du premier « Astérix », de Goscinny et Uderzo ?', 'Bd', NULL),
(45, 'Où est né « Corto Maltese », d’Hugo Pratt ?', 'Bd', '45_0'),
(46, 'Comment s’appelle l’assistante du comte de Champignac dans « Spirou et Fantasio » ?', 'Bd', '46_0'),
(47, 'One Piece : plus jeune, Luffy avale un fruit du démon qui lui permet de devenir élastique. Mais lequel, au juste ?', 'Manga', '47_1'),
(48, 'Dragon Ball : qui sont les parents de Sangoku ?', 'Manga', '48_1'),
(49, 'Fullmetal Alchemist : quel est le nom de famille des deux frères ?', 'Manga', '49_1'),
(50, 'Sword Art Online : quel âge a Kirito ?', 'Manga', '50_1'),
(51, 'Pandora Hearts : Oz Vessalius est en réalité un lapin. Mais, il peut également être humain. Mais quel est son signe du Zodiaque ?', 'Manga', '51_1'),
(52, 'Fairy Tail : qui Natsu Dragnir n\'a-t-il jamais affronté sur l\'île Tenro ?', 'Manga', '52_1'),
(53, 'Beelzebub : Oga Tatsumi est un étudiant et délinquant qui doit s\'occuper de Bébé Beel, son...', 'Manga', '53_1'),
(54, 'D-Grayman : lors de quelle grande occasion Mana a-t-il adopté Allen ?', 'Manga', '54_1'),
(55, 'Black Butler : Quel titre attribut-on  à Ciel Phantomhive ?', 'Manga', '55_1'),
(56, 'Blue Exorcist : quel est le prénom du démon familier de Rin Okumura ?', 'Manga', '56_1'),
(57, 'Naruto  :  quel est le prénom de la fille  de NarutoUzumaki ?', 'Manga', '57_1'),
(58, 'Assassination Classroom : quelle est la classe de Koro-sensei ?', 'Manga', NULL),
(59, 'Détective Conan : quel est le nom du poison ?', 'Manga', NULL),
(60, 'Détective Conan : comment s\'appelle conan ?', 'Manga', '60_1'),
(61, 'Détective Conan : quel est le nom de famille de Ran ?', 'Manga', '61_1'),
(62, 'Détective Conan : en quelle année débute le manga ? ', 'Manga', NULL),
(63, 'Détective Conan : dans quel domaine Kaitō Kid est-il le meilleur ?', 'Manga', NULL),
(64, 'Détective Conan : qui est la meilleur amie de Ran ?', 'Manga', '64_1'),
(65, 'Détective Conan : qui est l’auteur ?', 'Manga', '65_1'),
(66, 'Où habitait Tintin avant d\'habiter à Moulinsart ?', 'Bd', NULL),
(67, 'Quelle est la différence entre les Dupont et Dupond ?', 'Bd', '67_0'),
(68, 'À l\'origine par qui a été créée la schtroumpfette ?', 'Bd', '68_0'),
(69, 'Quel âge a le Grand Schtroumpf ?', 'Bd', '69_0'),
(70, 'Combien y a-t-il de schtroumpfs ?', 'Bd', '70_0'),
(71, 'Comment s\'appelle le chien des schtroumpfs ?', 'Bd', '71_0'),
(72, 'Comment s\'appelle la sorcière qui veut voler le sou fétiche de Picsou ?', 'Bd', '72_0'),
(73, 'Comment s\'appelle le cousin de Donald qui a toujours une chance extraordinaire ?', 'Bd', '73_0'),
(74, 'Comment s\'appelle la bande de gangsters dont l\'idée fixe est de cambrioler le coffre-fort de Picsou ?', 'Bd', '74_0'),
(75, 'Comment s\'appellent les nièces de Daisy ?', 'Bd', '75_0'),
(76, 'One Piece - Qui a donné un chapeau de paille à Luffy ?', 'Manga', '76_1'),
(77, 'Fairy Tail - Comment est Happy ?', 'Manga', '77_1'),
(78, 'Beyblade - Dans quel pays l\'histoire se déroule-t-elle ?', 'Manga', '78_1'),
(79, 'Black Butler - Officiellement, comment les parents du protagoniste sont-ils morts ?', 'Manga', '79_1'),
(80, 'Fullmetal Alchemist - À quel âge Edward Elric a-t-il reçu son diplôme ?', 'Manga', '80_1'),
(81, 'Hunter x Hunter - Au début du manga, quel est le rêve de Gon Freecss ?', 'Manga', '81_1'),
(82, 'Dans quel manga apparaît le personnage de Luffy ?', 'Manga', '82_1'),
(83, 'Nezuko Kamado est un personnage de :', 'Manga', '83_1'),
(84, 'Dans quel manga apparait Ochaco ?', 'Manga', '84_1'),
(85, 'Dans Spy Family : Quelle est la nourriture préférée d\'Anya ?', 'Manga', '85_1'),
(86, 'Dans Spy Family :  Quel est le métier de Yor ?', 'Manga', '86_1'),
(87, 'Dans Spy Family :  Quel est le pouvoir d\'Anya ?', 'Manga', '87_1'),
(152, 'Quel âge a tintin?', 'Manga', NULL);

--
-- Déclencheurs `questions`
--
DROP TRIGGER IF EXISTS `before_insert_question_libelle`;
DELIMITER $$
CREATE TRIGGER `before_insert_question_libelle` BEFORE INSERT ON `questions` FOR EACH ROW BEGIN
SET NEW.libelle = CONCAT(UCASE(LEFT(NEW.libelle, 1)), SUBSTRING(NEW.libelle, 2));
END
$$
DELIMITER ;
DROP TRIGGER IF EXISTS `before_insert_question_theme`;
DELIMITER $$
CREATE TRIGGER `before_insert_question_theme` BEFORE INSERT ON `questions` FOR EACH ROW BEGIN
SET NEW.theme = CONCAT(UCASE(LEFT(NEW.theme, 1)), SUBSTRING(NEW.theme, 2));
END
$$
DELIMITER ;
DROP TRIGGER IF EXISTS `before_update_question_libelle`;
DELIMITER $$
CREATE TRIGGER `before_update_question_libelle` BEFORE UPDATE ON `questions` FOR EACH ROW BEGIN
SET NEW.libelle = CONCAT(UCASE(LEFT(NEW.libelle, 1)), SUBSTRING(NEW.libelle, 2));
END
$$
DELIMITER ;
DROP TRIGGER IF EXISTS `before_update_question_theme`;
DELIMITER $$
CREATE TRIGGER `before_update_question_theme` BEFORE UPDATE ON `questions` FOR EACH ROW BEGIN
SET NEW.theme = CONCAT(UCASE(LEFT(NEW.theme, 1)), SUBSTRING(NEW.theme, 2));
END
$$
DELIMITER ;

-- --------------------------------------------------------

--
-- Structure de la table `serie`
--

DROP TABLE IF EXISTS `serie`;
CREATE TABLE IF NOT EXISTS `serie` (
  `id_serie` int NOT NULL AUTO_INCREMENT,
  `nom_serie` varchar(50) CHARACTER SET utf8mb3 COLLATE utf8mb3_bin NOT NULL,
  `nbTomes_serie` int NOT NULL,
  PRIMARY KEY (`id_serie`)
) ENGINE=InnoDB AUTO_INCREMENT=86 DEFAULT CHARSET=utf8mb3 COLLATE=utf8mb3_bin;

--
-- Déchargement des données de la table `serie`
--

INSERT INTO `serie` (`id_serie`, `nom_serie`, `nbTomes_serie`) VALUES
(1, 'abracadabra', 10),
(2, 'achille talon', 37),
(3, 'agent 212 ', 27),
(4, 'arsène lupin', 6),
(5, 'asterix et obelix', 34),
(6, 'auto école (l\')', 8),
(7, 'barbe-rouge', 36),
(8, 'batman univers', 8),
(9, 'benoit brisefer', 13),
(10, 'bidule', 2),
(11, 'bizu', 7),
(12, 'blake et mortimer', 23),
(13, 'boule et bill', 31),
(14, 'buck danny', 51),
(15, 'captain biceps', 6),
(16, 'cedric', 34),
(17, 'cerise', 2),
(18, 'cheminot', 6),
(19, 'chi- une vie de chat', 12),
(20, 'clifton', 22),
(21, 'concombre masque', 10),
(22, 'cubitus', 39),
(23, 'detective conan', 85),
(24, 'dojo le temple des arts', 2),
(25, 'doraemon, le chat venu du futu', 32),
(26, 'ernest et rebecca', 4),
(27, 'franky snow', 12),
(28, 'gaston lagaffe', 17),
(29, 'ghostbusters - sos fantômes ', 4),
(30, 'grompf mon ami ', 9),
(31, 'grrreeny', 4),
(32, 'isabelle', 12),
(33, 'iznogoud', 30),
(34, 'joe bar team', 8),
(35, 'johan et pirlouit', 17),
(36, 'kidpaddle', 14),
(37, 'krostons (les)', 7),
(38, ' le chat', 21),
(39, 'leonard génie', 41),
(40, 'damnés de la route (les)', 10),
(41, 'informaticiens (les)', 4),
(42, 'pompiers (les)', 16),
(43, 'scientiflics (les)', 2),
(44, 'snorky (les)', 3),
(45, 'zaliens (les)', 2),
(46, 'lou', 10),
(47, 'magic kaito', 4),
(48, 'mauro caldi', 7),
(49, 'melusine', 19),
(50, 'mousquetaires (les)', 8),
(51, 'moustic', 6),
(52, 'nabuchodinosaure', 14),
(53, 'nelson', 16),
(54, 'petit spirou (le)', 19),
(55, 'popeye', 4),
(56, 'profs (les)', 17),
(57, 'rantanplan', 11),
(58, 'sakamoto, pour vous servir ! ', 4),
(59, 'samson et neon', 7),
(60, 'schtroumpfs (les)', 30),
(61, 'scoot leblanc (les aventures de)', 4),
(62, 'scrameustache (le)', 35),
(63, 'snoopy et le petit monde des peanuts', 6),
(64, 'spirou et fantasio ', 53),
(65, 'sylvain et sylvette', 56),
(66, 'rising of the shield hero (the)', 1),
(67, 'sacred blacksmith (the)', 16),
(68, 'xiii', 22),
(69, 'tuniques bleues (les)', 59),
(70, 'uncanny avengers ', 10),
(71, 'yoko tsuno', 26),
(72, 'mind snapper dragon; génie de l\'analyse', 1),
(73, 'marsupilami (le)', 0),
(74, 'rugbymen (les)', 10),
(75, 'lucky luke', 70),
(76, 'marvel', 0),
(77, 'popeye', 0),
(78, 'tintin', 24),
(79, 'baker street', 6),
(80, 'zorglub', 2),
(81, 'loucas', 6),
(82, 'Léo loden', 8),
(83, 'Aventuriers du Mékong (Les)', 1),
(84, 'Paci', 3),
(85, 'Naya Pika', 2);

-- --------------------------------------------------------

--
-- Structure de la table `users`
--

DROP TABLE IF EXISTS `users`;
CREATE TABLE IF NOT EXISTS `users` (
  `id` int NOT NULL AUTO_INCREMENT,
  `login` varchar(255) CHARACTER SET utf8mb3 COLLATE utf8mb3_bin NOT NULL,
  `nom` varchar(60) CHARACTER SET utf8mb3 COLLATE utf8mb3_bin NOT NULL,
  `prenom` varchar(60) CHARACTER SET utf8mb3 COLLATE utf8mb3_bin NOT NULL,
  `motPasse` varchar(255) CHARACTER SET utf8mb3 COLLATE utf8mb3_bin NOT NULL,
  `email` varchar(255) CHARACTER SET utf8mb3 COLLATE utf8mb3_bin NOT NULL,
  `role` enum('admin','editeur','lecteur') CHARACTER SET utf8mb3 COLLATE utf8mb3_bin DEFAULT 'lecteur',
  `date_creation` timestamp NULL DEFAULT CURRENT_TIMESTAMP,
  PRIMARY KEY (`id`),
  UNIQUE KEY `login` (`login`),
  UNIQUE KEY `email` (`email`)
) ENGINE=InnoDB AUTO_INCREMENT=6 DEFAULT CHARSET=utf8mb3 COLLATE=utf8mb3_bin;

--
-- Déchargement des données de la table `users`
--

INSERT INTO `users` (`id`, `login`, `nom`, `prenom`, `motPasse`, `email`, `role`, `date_creation`) VALUES
(5, 'Hatan.C', 'Hatan', 'Charles', '$2y$10$GNp0GkAa3k.qHMdUAAkMBuDccyO0nWSvIl.J/0b8cpivmMSSTP4bK', 'charles.hatan@gmail.com', 'admin', '2024-12-02 10:58:52');
COMMIT;

/*!40101 SET CHARACTER_SET_CLIENT=@OLD_CHARACTER_SET_CLIENT */;
/*!40101 SET CHARACTER_SET_RESULTS=@OLD_CHARACTER_SET_RESULTS */;
/*!40101 SET COLLATION_CONNECTION=@OLD_COLLATION_CONNECTION */;
